Timestamp,Market_Price_â‚¬/MWh,Temperature_C,Wind_Speed_m/s,Solar_Radiation_W/m^2,Solar_Generation_MW,Wind_Generation_MW
2023-01-01 00:00:00,71.78502342515847,5.906648036192511,17.175776407192384,360.05635813758045,54.008453720637064,858.7888203596192
2023-01-01 01:00:00,155.17410757739472,20.632449215321678,17.415516423470017,525.8810612018463,78.88215918027693,870.7758211735008
2023-01-01 02:00:00,183.29907478000973,19.753217870967504,17.606743482894938,187.1233630362892,28.068504455443378,880.3371741447469
2023-01-01 03:00:00,169.92617820997788,22.854891970555006,24.87591015914972,481.99961860190433,72.29994279028564,1243.7955079574858
2023-01-01 04:00:00,70.74893942527748,28.44586946994776,15.172275765884418,215.4375231416007,32.3156284712401,758.6137882942209
2023-01-01 05:00:00,70.69140918150579,1.4946058523690526,24.42492082328783,719.412057290458,107.91180859356871,1221.2460411643915
2023-01-01 06:00:00,161.12019776747175,24.85749791368747,14.386039319415172,632.0641953672487,94.8096293050873,719.3019659707586
2023-01-01 07:00:00,121.09077862396248,7.684800706986058,15.346312853708136,193.95809989519864,29.093714984279796,767.3156426854068
2023-01-01 08:00:00,144.9566719229701,3.187353605724841,24.735411458848493,590.2514354584682,88.53771531877022,1236.7705729424247
2023-01-01 09:00:00,143.58749056967773,24.888934360800437,6.213331829451141,404.23400378011365,60.63510056701705,310.66659147255706
2023-01-01 10:00:00,110.13850836682093,25.66898524481621,21.865698293828864,232.3501026661355,34.85251539992033,1093.2849146914432
2023-01-01 11:00:00,69.87220382148982,17.20593824089992,12.84019208412029,497.26096438484905,74.58914465772736,642.0096042060145
2023-01-01 12:00:00,199.83714084831442,18.663332518257345,15.142324979147112,59.22514931030012,8.883772396545018,757.1162489573557
2023-01-01 13:00:00,177.75367200690843,25.774978570536685,12.649988907772164,453.59602657808676,68.03940398671301,632.4994453886081
2023-01-01 14:00:00,60.84440047070545,6.254012051274454,12.594494061300484,102.56155537122167,15.38423330568325,629.7247030650242
2023-01-01 15:00:00,35.93926137597061,25.011296452783665,18.1752708714062,619.3066203426363,92.89599305139544,908.76354357031
2023-01-01 16:00:00,84.47775517147814,24.19330293762367,7.193294626338884,589.9816579151116,88.49724868726673,359.6647313169442
2023-01-01 17:00:00,153.21855202638483,27.753213885125213,7.576872502213028,680.2909564851699,102.04364347277549,378.84362511065143
2023-01-01 18:00:00,170.6329601967398,-3.6017035029982254,4.480716388544962,17.951914941087477,2.6927872411631215,224.03581942724807
2023-01-01 19:00:00,142.54970235413572,4.077414952736662,5.819809394178435,741.8777215366069,111.28165823049103,290.99046970892175
2023-01-01 20:00:00,128.1317268692199,5.487340609421391,15.53833937566722,415.8127788853147,62.3719168327972,776.916968783361
2023-01-01 21:00:00,199.78948986502755,15.611090810371334,7.525368858481904,28.375833259601446,4.256374988940217,376.26844292409515
2023-01-01 22:00:00,165.02268636827208,22.094170451602814,13.772277382288515,359.69776548614306,53.95466482292146,688.6138691144257
2023-01-01 23:00:00,41.217368043777526,17.0538495882505,18.66126319520726,301.21523933585166,45.18228590037775,933.063159760363
2023-01-02 00:00:00,96.19469865420102,14.484889549263343,24.53083833837002,407.43220390651373,61.11483058597706,1226.541916918501
2023-01-02 01:00:00,198.3091619583337,12.297410836406115,14.61583284964682,135.0532862392777,20.257992935891654,730.791642482341
2023-01-02 02:00:00,42.35200857545006,6.253164313004305,3.6499779761130307,362.5914922376056,54.38872383564084,182.49889880565152
2023-01-02 03:00:00,159.06116302004622,6.642557541443276,9.880394119914904,379.449176952435,56.91737654286525,494.0197059957452
2023-01-02 04:00:00,63.65762242150895,13.829279666768475,11.705061120926732,534.6547423864915,80.19821135797373,585.2530560463366
2023-01-02 05:00:00,115.92119301572521,22.957565127470456,23.826653881032126,339.1060285601384,50.86590428402076,1191.3326940516063
2023-01-02 06:00:00,174.66099238673652,22.924780615199143,5.0427699021113135,11.927955073628294,1.789193261044244,252.13849510556568
2023-01-02 07:00:00,54.77795511858426,-0.21879309037732142,14.928542153405097,533.6005898498137,80.04008847747205,746.4271076702548
2023-01-02 08:00:00,94.91399998828804,4.550638614825111,20.804654209890167,141.7274299051183,21.259114485767743,1040.2327104945084
2023-01-02 09:00:00,92.49081357894248,23.208565607195606,8.774968948607267,119.6220345636366,17.94330518454549,438.74844743036334
2023-01-02 10:00:00,198.98330492700697,17.682051337224518,3.7538250711014993,601.9856131959482,90.29784197939223,187.69125355507498
2023-01-02 11:00:00,123.71017331477184,13.415756900811992,5.215637216436736,660.5887084782705,99.08830627174058,260.7818608218368
2023-01-02 12:00:00,162.00919999059147,13.876789158795837,10.147714475515565,780.1189875933395,117.01784813900092,507.3857237757783
2023-01-02 13:00:00,48.041282477132896,22.199756470384184,7.402767068056845,67.04702259683506,10.05705338952526,370.13835340284226
2023-01-02 14:00:00,82.9849783472843,2.9007986121823306,12.061284941745187,763.5677374903929,114.53516062355894,603.0642470872593
2023-01-02 15:00:00,162.69962255276147,22.336514475768027,0.9590174443865285,758.6108907918494,113.79163361877741,47.95087221932642
2023-01-02 16:00:00,87.81663906198062,27.236040851794527,11.367676713981542,241.5929704460371,36.238945566905564,568.383835699077
2023-01-02 17:00:00,64.4728537453442,12.392444904579097,17.293278705111636,378.54490668094894,56.78173600214234,864.6639352555818
2023-01-02 18:00:00,20.41382143852029,15.644342141549874,15.19677006831256,515.4763673698365,77.32145510547547,759.838503415628
2023-01-02 19:00:00,48.70550648589824,26.24495717973881,19.691271196128053,738.1436437448662,110.72154656172992,984.5635598064026
2023-01-02 20:00:00,74.15052447125885,13.048051161268422,23.075204316186106,794.5684470937755,119.18526706406632,1153.7602158093052
2023-01-02 21:00:00,75.44468614848049,-2.2354131549578127,17.373455998780706,209.42116827430493,31.413175241145737,868.6727999390353
2023-01-02 22:00:00,41.307470997442586,16.88266008568599,1.8175228428835233,314.8042445677886,47.22063668516829,90.87614214417616
2023-01-02 23:00:00,48.89027399172554,10.876267045978592,3.8242935945054235,52.47997720841289,7.871996581261933,191.21467972527117
2023-01-03 00:00:00,157.14840383773173,15.498746204117552,19.12282539736696,361.9543930246364,54.29315895369545,956.141269868348
2023-01-03 01:00:00,188.4037017468474,20.471034051712333,12.13566296538712,530.5554021602053,79.58331032403079,606.7831482693559
2023-01-03 02:00:00,82.34706320881072,27.770746150358576,3.1210605036476102,734.2046023317581,110.13069034976371,156.0530251823805
2023-01-03 03:00:00,152.46074585124603,19.552945199018737,8.809940979018677,528.7915281046556,79.31872921569834,440.49704895093384
2023-01-03 04:00:00,157.94486365814242,7.31597746923299,2.395715216626679,263.0578586138382,39.45867879207573,119.78576083133395
2023-01-03 05:00:00,99.42944876998752,14.747428836601312,14.419854907279483,626.2360809437793,93.93541214156689,720.9927453639741
2023-01-03 06:00:00,135.5621958389861,18.605182951031548,20.498499223008544,341.19117901049424,51.17867685157413,1024.9249611504272
2023-01-03 07:00:00,71.60289989452673,9.688704707599321,16.733721063803305,28.745099283480258,4.311764892522039,836.6860531901652
2023-01-03 08:00:00,144.55443632914614,8.551328260327384,21.948220591316808,142.47233686389418,21.37085052958413,1097.4110295658404
2023-01-03 09:00:00,193.53850647369586,15.407718569771458,8.482427111572251,290.6748076777739,43.60122115166609,424.12135557861257
2023-01-03 10:00:00,153.56208814232883,10.06561255124005,15.602073416949738,10.369589147501568,1.5554383721252352,780.1036708474869
2023-01-03 11:00:00,95.8570189120219,6.56186866522803,22.85593712302855,650.873688167934,97.6310532251901,1142.7968561514274
2023-01-03 12:00:00,121.90262464104366,28.12809072830494,4.510542392161418,388.7267528874287,58.3090129331143,225.5271196080709
2023-01-03 13:00:00,158.81593882709024,-4.343249050162313,8.785283365270644,501.6990743153695,75.25486114730542,439.26416826353216
2023-01-03 14:00:00,41.59465079296801,23.391322029171317,8.69606193128507,734.3346208506259,110.15019312759388,434.8030965642535
2023-01-03 15:00:00,96.73194017512262,18.848506551525002,7.547384349762531,578.546094634782,86.7819141952173,377.36921748812654
2023-01-03 16:00:00,196.9635625424218,17.53120382073839,15.497185901307445,210.93238844088117,31.639858266132173,774.8592950653722
2023-01-03 17:00:00,198.08108512499388,12.859046601494207,19.387570232437003,217.88737766232796,32.68310664934919,969.3785116218502
2023-01-03 18:00:00,139.54520415687685,11.900474932556946,9.561653257544286,324.1504915973397,48.62257373960095,478.0826628772143
2023-01-03 19:00:00,25.149301791062797,5.972308220072854,23.36194373482554,433.6893677065215,65.05340515597823,1168.097186741277
2023-01-03 20:00:00,88.70295185553296,15.741164130894305,17.975091657962412,108.84551820538597,16.326827730807896,898.7545828981206
2023-01-03 21:00:00,113.04421620006778,0.359999448855989,13.221536545863863,540.4328729676231,81.06493094514346,661.0768272931931
2023-01-03 22:00:00,93.70830775926868,18.628065550878155,24.488130104820762,177.9980616139193,26.699709242087895,1224.406505241038
2023-01-03 23:00:00,150.5099042266363,-1.5284105578664104,13.56334922449932,692.3386594568966,103.8507989185345,678.167461224966
2023-01-04 00:00:00,100.49068264693844,29.292300429150302,19.73720342373184,765.2194859635922,114.78292289453883,986.8601711865921
2023-01-04 01:00:00,178.6914760834356,7.97118484335674,6.566901449251475,269.2891527836838,40.39337291755257,328.34507246257374
2023-01-04 02:00:00,120.23541670300627,16.24030609499921,0.4446192496141421,621.5927146954766,93.23890720432149,22.230962480707106
2023-01-04 03:00:00,31.105166427753268,14.492123890779538,3.8560085110010967,774.4386495512912,116.16579743269367,192.80042555005483
2023-01-04 04:00:00,127.75563580391251,16.56404917861193,23.201426107392972,686.1606728867094,102.92410093300641,1160.0713053696486
2023-01-04 05:00:00,134.83102031099457,23.458164926478567,10.80903835305981,540.3772364373681,81.05658546560521,540.4519176529905
2023-01-04 06:00:00,175.67743960675517,1.6661509272122483,21.588535717247364,358.5937281873183,53.78905922809774,1079.4267858623682
2023-01-04 07:00:00,192.9314580138122,20.987937751338,19.846791430389555,631.8831081017333,94.78246621526,992.3395715194778
2023-01-04 08:00:00,127.11006573761675,-2.2660810866034615,14.298633207226889,83.1453448852077,12.471801732781156,714.9316603613445
2023-01-04 09:00:00,95.64347491773201,12.951879263058942,11.705637407347053,493.071449369491,73.96071740542365,585.2818703673527
2023-01-04 10:00:00,98.07119986271502,20.929469799823625,21.215974997487134,179.8889001236862,26.98333501855293,1060.7987498743566
2023-01-04 11:00:00,135.99788694199987,13.216953407084826,17.16197747779293,626.5372863499691,93.98059295249537,858.0988738896465
2023-01-04 12:00:00,50.77284475685954,22.309710076143716,7.772735476383969,1.201529351883579,0.18022940278253685,388.6367738191984
2023-01-04 13:00:00,51.18936510508603,15.389648822752644,6.942294263201282,437.10347702161,65.5655215532415,347.11471316006407
2023-01-04 14:00:00,140.6650953973753,7.657902366345541,4.146845240383998,360.42958383815665,54.064437575723495,207.3422620191999
2023-01-04 15:00:00,54.55666368723162,-1.1349757002913723,17.83334121214192,135.50264078657773,20.32539611798666,891.667060607096
2023-01-04 16:00:00,152.11415403591332,-3.749811410195836,10.12680249657544,461.8690608431381,69.28035912647071,506.340124828772
2023-01-04 17:00:00,180.1273000664473,-3.8741283164970586,4.619647858513062,405.2954898876152,60.79432348314228,230.9823929256531
2023-01-04 18:00:00,141.70586793815306,12.700719141669644,1.637775140947778,348.59321072301873,52.28898160845281,81.8887570473889
2023-01-04 19:00:00,129.4109553833099,-0.7471887220169906,1.6079488699148743,677.1786825892248,101.57680238838371,80.39744349574372
2023-01-04 20:00:00,23.89487689121653,4.24673554174848,24.815524817770225,774.6066812761712,116.19100219142568,1240.7762408885112
2023-01-04 21:00:00,154.36773066372777,16.429406336329937,1.8999263712002863,685.5955328250718,102.83932992376077,94.99631856001432
2023-01-04 22:00:00,38.00063045521457,15.304510624317285,11.314295554981463,399.0704631244948,59.860569468674214,565.7147777490732
2023-01-04 23:00:00,183.07010886669246,5.093263423266565,22.0147748977284,559.4287223063918,83.91430834595877,1100.7387448864201
2023-01-05 00:00:00,94.04981559896379,29.21243860046014,0.5353924308852787,43.34772668866273,6.502159003299409,26.769621544263934
2023-01-05 01:00:00,55.065130009687316,19.090185761894382,4.6364467470359525,614.1610513461933,92.124157701929,231.82233735179761
2023-01-05 02:00:00,148.33722185735763,24.54687586752775,3.117061195456419,217.13220026018146,32.56983003902722,155.85305977282096
2023-01-05 03:00:00,157.44748082057205,28.800998493382394,6.2866637483283885,293.71216348023165,44.056824522034745,314.33318741641943
2023-01-05 04:00:00,191.98110846283578,13.797710241998342,8.175873031607047,383.04192756720454,57.45628913508068,408.79365158035233
2023-01-05 05:00:00,179.6371798741723,5.317447886155431,15.195867409839952,20.451273744915976,3.0676910617373965,759.7933704919976
2023-01-05 06:00:00,137.80110555734382,6.89920543735394,14.064953267505976,798.715919767846,119.8073879651769,703.2476633752988
2023-01-05 07:00:00,57.34769668475183,24.6335102501068,15.01826633983509,466.52261228396344,69.97839184259452,750.9133169917545
2023-01-05 08:00:00,116.98988044628786,2.0948884185276366,9.064553340353951,139.22218524203817,20.883327786305724,453.22766701769757
2023-01-05 09:00:00,28.664700382105796,2.222698467517464,11.985769927775971,84.17253592490282,12.625880388735423,599.2884963887985
2023-01-05 10:00:00,36.10351385900741,3.2468365818856846,9.255156730509922,26.662120440067394,3.999318066010109,462.7578365254961
2023-01-05 11:00:00,142.1272609275672,28.433414175670897,0.13879926321508085,612.8814499935014,91.93221749902521,6.939963160754043
2023-01-05 12:00:00,51.69987783685302,29.79141500047821,13.743419361097004,21.221817169174706,3.183272575376206,687.1709680548502
2023-01-05 13:00:00,153.83383894350428,1.5111772526091212,5.477507267293127,671.1887656457043,100.67831484685564,273.8753633646564
2023-01-05 14:00:00,49.99399008185016,0.38210536187972544,7.35806511540239,419.50214586444537,62.925321879666804,367.9032557701195
2023-01-05 15:00:00,125.93891031249278,3.183639535747492,12.679873120157742,681.1860368987141,102.17790553480711,633.9936560078871
2023-01-05 16:00:00,25.607123179511053,25.989893381344096,20.659360667029098,738.1522242720592,110.72283364080889,1032.968033351455
2023-01-05 17:00:00,92.08484496083845,17.894955378825824,6.131844933239483,271.7262624855399,40.75893937283099,306.5922466619742
2023-01-05 18:00:00,173.93642196978644,3.1202709260856345,3.677037373035863,762.0486659401219,114.30729989101827,183.85186865179315
2023-01-05 19:00:00,55.58465403419645,29.197457961628523,0.5874142726430803,760.2771924932259,114.04157887398388,29.370713632154015
2023-01-05 20:00:00,34.8799362383796,-1.629261312136225,18.92420248707693,498.0094901312521,74.70142351968781,946.2101243538465
2023-01-05 21:00:00,105.86910390748257,12.277836246822119,17.687910711299086,761.6967533586851,114.25451300380276,884.3955355649543
2023-01-05 22:00:00,43.19304999156061,13.588007210261956,13.60876775134893,322.4887798385936,48.37331697578904,680.4383875674465
2023-01-05 23:00:00,182.24521471658377,14.626697009234526,3.930483742504026,340.0333240400835,51.00499860601253,196.5241871252013
2023-01-06 00:00:00,171.02298508855444,10.00594745117571,20.476519445128364,402.4139368965721,60.362090534485816,1023.8259722564183
2023-01-06 01:00:00,149.54365045864984,18.783709777733623,19.158228163425,234.84252263399074,35.22637839509861,957.9114081712501
2023-01-06 02:00:00,43.11502936954035,2.735270719534216,21.844208242778056,264.3517468424592,39.652762026368876,1092.2104121389027
2023-01-06 03:00:00,193.6531031446744,-3.173532035903815,3.883840034946134,127.55720831352315,19.13358124702847,194.1920017473067
2023-01-06 04:00:00,52.499566223814654,3.9641673223958627,14.601495045893598,349.359282717928,52.4038924076892,730.0747522946799
2023-01-06 05:00:00,59.583677697679256,14.63243391875228,8.6541684342094,368.32481724184254,55.24872258627638,432.70842171046996
2023-01-06 06:00:00,154.08856790483205,24.697058055363314,9.317833520760363,103.44789791875782,15.517184687813671,465.89167603801815
2023-01-06 07:00:00,145.8021734758039,26.11127404763376,12.473113085401867,162.6709543363921,24.400643150458816,623.6556542700934
2023-01-06 08:00:00,90.35761000467576,27.019887891107928,13.30530579715953,121.93948883405312,18.29092332510797,665.2652898579765
2023-01-06 09:00:00,38.84308886329087,24.317031762180484,3.1701739461041543,403.78449873035834,60.56767480955375,158.5086973052077
2023-01-06 10:00:00,168.68454156968326,0.8289487218785441,1.0120303955102745,733.1074275331238,109.96611412996856,50.60151977551372
2023-01-06 11:00:00,152.6303005932494,1.7313734886900312,13.253684071451547,207.1776418814059,31.07664628221088,662.6842035725773
2023-01-06 12:00:00,35.69285924542221,16.84896744124311,11.573224046403272,558.6545247733677,83.79817871600515,578.6612023201636
2023-01-06 13:00:00,185.6213030147648,-3.2045722318634673,12.071578047310142,557.8513413324187,83.6777011998628,603.5789023655071
2023-01-06 14:00:00,91.49348846472122,23.820312465092222,9.036741649065974,381.5188053614327,57.22782080421491,451.83708245329865
2023-01-06 15:00:00,35.08261520617933,29.99892009211289,4.044699356863838,477.0383323335643,71.55574985003464,202.2349678431919
2023-01-06 16:00:00,30.972334305654897,11.512402088197163,19.421766058372654,624.0562135652787,93.60843203479179,971.0883029186327
2023-01-06 17:00:00,41.85883621436557,0.8187298794796076,9.369832564370084,436.78495793873833,65.51774369081075,468.49162821850416
2023-01-06 18:00:00,91.05178474769299,20.164032064108444,13.585730956068677,348.868454355213,52.33026815328194,679.2865478034338
2023-01-06 19:00:00,114.42336552272452,29.99734963269802,10.268146654927127,654.6882975412,98.20324463118,513.4073327463564
2023-01-06 20:00:00,144.9012901041051,2.905105795012491,20.874754325026036,317.87574890748857,47.681362336123286,1043.737716251302
2023-01-06 21:00:00,142.05640362598382,7.606158057240691,20.70522910428628,633.9187710017158,95.08781565025735,1035.2614552143139
2023-01-06 22:00:00,66.14442662765039,23.635064943174203,24.505043725158398,70.59703170698128,10.589554756047193,1225.25218625792
2023-01-06 23:00:00,32.20965071314837,24.584990590946685,23.769729996301976,416.8344122414709,62.52516183622063,1188.4864998150988
2023-01-07 00:00:00,141.88828479994257,20.29136971809577,1.9306106313737248,80.83124765501681,12.124687148252521,96.53053156868624
2023-01-07 01:00:00,128.4146250665733,15.16542776227567,16.012536800002664,473.42423305455526,71.01363495818329,800.6268400001331
2023-01-07 02:00:00,70.99916173992519,12.31636347561129,10.720381462392423,317.8736953965141,47.68105430947711,536.0190731196211
2023-01-07 03:00:00,58.35630310178329,2.9646861834399854,4.115195396250651,765.5773899005239,114.83660848507859,205.75976981253254
2023-01-07 04:00:00,149.83764783016443,2.3472344593847536,22.373492726392215,679.4698455899097,101.92047683848645,1118.6746363196107
2023-01-07 05:00:00,56.101529129408206,10.510539840009475,23.15194733239774,665.9267874077079,99.88901811115619,1157.597366619887
2023-01-07 06:00:00,173.20967010101106,-2.902857449403455,24.030915028705817,393.3570136546514,59.003552048197704,1201.5457514352909
2023-01-07 07:00:00,49.867559287361324,23.39575506971377,17.778977692662657,447.24551749358073,67.08682762403711,888.9488846331328
2023-01-07 08:00:00,91.33637439546021,-1.3362516399419313,22.880662759805297,534.8090506742936,80.22135760114405,1144.0331379902648
2023-01-07 09:00:00,48.46424899020849,17.22315286451562,15.924230016001248,677.6148450955155,101.64222676432733,796.2115008000624
2023-01-07 10:00:00,82.27444821584368,16.231278402028753,8.461516492788832,540.6847617496234,81.1027142624435,423.0758246394416
2023-01-07 11:00:00,43.8109213676838,20.086194052748546,15.191138370287804,258.5725478855936,38.78588218283904,759.5569185143902
2023-01-07 12:00:00,163.05872846259965,16.048204211994165,7.977240453852863,790.219404905,118.53291073575,398.86202269264317
2023-01-07 13:00:00,169.68746981296184,24.58742563276105,15.78198994218891,238.07414880345004,35.711122320517504,789.0994971094455
2023-01-07 14:00:00,45.40731188355342,27.312157506088,15.243873683448559,228.72961160311914,34.30944174046787,762.193684172428
2023-01-07 15:00:00,153.57509761530022,10.049424630682218,12.606518891292536,189.67182521562904,28.450773782344356,630.3259445646268
2023-01-07 16:00:00,175.03909282483514,-3.597253086364041,9.895414092491997,96.03603419077169,14.405405128615753,494.77070462459983
2023-01-07 17:00:00,83.04422279645291,13.519852217530175,4.400912177717956,321.8641682709756,48.27962524064634,220.0456088858978
2023-01-07 18:00:00,134.41326409322107,25.22250583961614,12.894749815093434,336.023172185541,50.40347582783115,644.7374907546716
2023-01-07 19:00:00,60.56208269375986,8.84415119103964,19.898704119446492,120.30987430027595,18.04648114504139,994.9352059723246
2023-01-07 20:00:00,51.999949378759084,9.760107691765322,7.4424395571133894,556.3143924269349,83.44715886404023,372.12197785566946
2023-01-07 21:00:00,131.17249688449283,3.7120279323804564,22.129815411471128,198.29057620233525,29.743586430350284,1106.4907705735563
2023-01-07 22:00:00,145.05180685470202,9.738783491828277,9.100683265605722,365.03052289136565,54.75457843370484,455.0341632802861
2023-01-07 23:00:00,185.48232526442757,8.919988920140211,0.07683991069964424,70.28736466795786,10.543104700193679,3.841995534982212
2023-01-08 00:00:00,183.14939143713477,21.498725564215142,16.9047754201,534.8321177574363,80.22481766361544,845.2387710049999
2023-01-08 01:00:00,165.59620074153344,22.48522155287001,20.932022252194013,307.78547501421497,46.16782125213224,1046.6011126097007
2023-01-08 02:00:00,194.0317078491072,22.568907312869484,15.590336412886055,349.56478513394256,52.43471777009138,779.5168206443027
2023-01-08 03:00:00,195.66293536177844,1.2448433863121657,9.400747950542701,790.7378523574463,118.61067785361693,470.03739752713506
2023-01-08 04:00:00,191.66079989303262,21.798025782673378,7.2677283835688336,58.1880940065572,8.72821410098358,363.38641917844166
2023-01-08 05:00:00,82.84360861444273,4.210525801632146,16.16547808683321,397.0316418796828,59.55474628195242,808.2739043416606
2023-01-08 06:00:00,72.73654458168251,29.751759574372635,13.21246421906675,790.1840977023935,118.52761465535902,660.6232109533374
2023-01-08 07:00:00,121.75125620925961,1.6222374651401887,0.9224116424607964,198.26527145196965,29.739790717795447,46.120582123039824
2023-01-08 08:00:00,159.27579105695125,25.270422612440466,10.838211906828942,645.471209130783,96.82068136961745,541.9105953414471
2023-01-08 09:00:00,148.56379159996519,8.579712064502022,18.96111020917072,616.9878993301197,92.54818489951795,948.055510458536
2023-01-08 10:00:00,83.89296507118829,3.5104066028334078,7.953784808313635,121.15772696743062,18.173659045114594,397.68924041568175
2023-01-08 11:00:00,111.15053588142099,15.38846539832296,19.518713918157726,575.2007449771977,86.28011174657965,975.9356959078863
2023-01-08 12:00:00,151.36547988433864,18.05807171698172,10.710917431825601,651.0601647327659,97.65902470991487,535.54587159128
2023-01-08 13:00:00,130.48399008859582,7.641401528836964,1.9421869167601384,64.3745021705624,9.656175325584359,97.10934583800692
2023-01-08 14:00:00,113.51098923200183,13.139495290353455,3.3899477234305198,247.2970561027683,37.09455841541524,169.497386171526
2023-01-08 15:00:00,164.90197841644292,29.056220475291482,14.924399956619908,774.5725163129252,116.18587744693878,746.2199978309955
2023-01-08 16:00:00,185.4650054057518,7.399923339082061,11.181559301275332,419.60759507127216,62.94113926069082,559.0779650637666
2023-01-08 17:00:00,149.7316877791614,9.619982907624994,14.150631931929942,391.94697355484215,58.79204603322632,707.5315965964971
2023-01-08 18:00:00,56.97963267691297,15.65277877457343,5.07528773785867,631.723321243434,94.7584981865151,253.7643868929335
2023-01-08 19:00:00,81.15540727414503,23.02799017694762,20.73344809403117,365.3557572174972,54.803363582624584,1036.6724047015587
2023-01-08 20:00:00,85.19672331345458,16.848296948136724,2.3748590014952553,608.799686707557,91.31995300613356,118.74295007476276
2023-01-08 21:00:00,29.494428957429243,5.919016548123745,13.441144603150418,181.6698646768753,27.250479701531294,672.0572301575208
2023-01-08 22:00:00,176.87485279282382,21.754039982331708,6.222781250937018,271.72886593689674,40.75932989053451,311.13906254685094
2023-01-08 23:00:00,50.43171396895316,13.941224129947027,21.766381267459263,81.48592193953235,12.222888290929852,1088.3190633729632
2023-01-09 00:00:00,144.54616449308477,7.269788238724658,0.08691172057727625,736.208071264156,110.4312106896234,4.345586028863813
2023-01-09 01:00:00,69.53260461455663,1.5029678642578865,18.907443192180192,246.4977875102127,36.9746681265319,945.3721596090096
2023-01-09 02:00:00,165.79840708968763,12.601528019425636,19.324874569490845,318.0843300991518,47.71264951487277,966.2437284745422
2023-01-09 03:00:00,47.24267740240792,16.645772535924205,9.689620268018873,456.0299526675543,68.40449290013315,484.48101340094365
2023-01-09 04:00:00,188.18026411701425,5.423436439061096,13.067599332343091,329.1954459107864,49.379316886617964,653.3799666171545
2023-01-09 05:00:00,141.1747377279296,-4.494394633380727,11.335582441929597,325.3420188031578,48.80130282047367,566.7791220964799
2023-01-09 06:00:00,52.285112270134405,13.547989563150686,0.059424088156662114,696.8678401307642,104.53017601961463,2.9712044078331057
2023-01-09 07:00:00,57.38669807247482,22.80265511323962,1.7532181561354165,582.7547553130482,87.41321329695724,87.66090780677082
2023-01-09 08:00:00,177.2047459586882,-4.724216804104429,8.728911732146141,740.3972139907742,111.05958209861612,436.44558660730706
2023-01-09 09:00:00,108.70779045149976,12.298236777057905,15.534506709261514,64.00544324477914,9.600816486716871,776.7253354630757
2023-01-09 10:00:00,136.84643661014215,8.830904362829642,17.88786842325717,209.92679302194733,31.4890189532921,894.3934211628585
2023-01-09 11:00:00,68.54696452152687,4.2846776406689,17.827319293155558,212.50215321488443,31.875322982232664,891.3659646577779
2023-01-09 12:00:00,155.7926149064636,7.4498703029700035,13.231916530385146,511.0296564612886,76.65444846919328,661.5958265192572
2023-01-09 13:00:00,133.57864680280312,28.27474748157001,11.711951524747771,52.18518279576108,7.827777419364161,585.5975762373886
2023-01-09 14:00:00,128.8553483561205,13.298998514070693,24.41968957693672,661.7166242338424,99.25749363507636,1220.9844788468358
2023-01-09 15:00:00,149.87058801685498,27.21985014351211,10.43773219534879,680.6588058989271,102.09882088483906,521.8866097674395
2023-01-09 16:00:00,178.12432839505595,24.052649479053905,9.897531089585884,722.6065322735832,108.39097984103748,494.8765544792942
2023-01-09 17:00:00,60.26786340372574,6.844029112508419,4.222120377490491,0.23494555651826232,0.03524183347773935,211.10601887452452
2023-01-09 18:00:00,36.217936905010475,23.152497941506454,11.192550874831639,654.7940765209203,98.21911147813803,559.6275437415819
2023-01-09 19:00:00,148.32171776398644,1.1859914773218216,6.803517206188673,619.1152524513446,92.86728786770169,340.17586030943363
2023-01-09 20:00:00,86.74557880525235,-0.2764989956202699,0.29391085164994224,292.81949627088386,43.92292444063258,14.695542582497112
2023-01-09 21:00:00,27.904225831246947,28.527387562032196,20.389682676786094,406.2774993880401,60.94162490820601,1019.4841338393047
2023-01-09 22:00:00,21.037134871968792,2.1630671640948202,9.833159343407392,616.9528849904076,92.54293274856114,491.6579671703696
2023-01-09 23:00:00,56.836280155183545,-2.1495853758191075,5.396994935054441,13.70429028143123,2.0556435422146846,269.84974675272207
2023-01-10 00:00:00,25.250614906258235,17.998207894379313,10.166353882562449,222.39252752035998,33.35887912805399,508.31769412812247
2023-01-10 01:00:00,130.85897389596477,-3.519840456861773,1.042132932766418,170.85476198888747,25.62821429833312,52.106646638320896
2023-01-10 02:00:00,35.72828425308151,4.525243299147693,7.7091255733201915,655.8960662095077,98.38440993142615,385.45627866600955
2023-01-10 03:00:00,140.73776822631328,27.051931085223707,4.164540981893514,521.162484712461,78.17437270686915,208.2270490946757
2023-01-10 04:00:00,85.51529377627998,-4.90650006415338,22.880328633086496,196.3640323856418,29.454604857846267,1144.0164316543248
2023-01-10 05:00:00,140.95512789685583,-2.8366030606022963,22.82943063488787,130.59322876088908,19.58898431413336,1141.4715317443936
2023-01-10 06:00:00,86.98380122462056,-1.9006003895795183,12.67792595850813,64.00367030926625,9.600550546389938,633.8962979254065
2023-01-10 07:00:00,100.98734586933413,7.962253407949632,19.14770161702666,404.4172407405882,60.66258611108823,957.385080851333
2023-01-10 08:00:00,50.67221805164544,20.834641707943646,10.161155195236441,237.49384556105807,35.62407683415871,508.05775976182207
2023-01-10 09:00:00,173.3038683863781,24.231223520311637,16.97126132463535,538.7482807755453,80.81224211633179,848.5630662317675
2023-01-10 10:00:00,126.00131110152839,15.75917879975039,3.616588717515348,404.703324761359,60.70549871420385,180.82943587576742
2023-01-10 11:00:00,65.06156871372238,4.182835866506823,24.875231581254496,707.6209311445836,106.14313967168754,1243.7615790627249
2023-01-10 12:00:00,87.94711716082703,1.2815805122389943,13.041585223547647,487.79154636545564,73.16873195481834,652.0792611773824
2023-01-10 13:00:00,50.39815249126024,14.845384902665185,20.614046494001563,112.53318420941945,16.879977631412917,1030.7023247000782
2023-01-10 14:00:00,94.25513176100276,21.775167185119926,1.5426548418360275,157.06735466741551,23.560103200112327,77.13274209180138
2023-01-10 15:00:00,167.77697769061888,18.6127382629307,22.499747266854698,171.45552367042745,25.718328550564117,1124.9873633427349
2023-01-10 16:00:00,71.55504822001055,25.783921402789158,7.475509261819019,68.52983673428908,10.279475510143362,373.77546309095095
2023-01-10 17:00:00,139.75350334449809,10.412336888818038,6.081161916963793,616.2299954004686,92.4344993100703,304.0580958481896
2023-01-10 18:00:00,70.83733093237734,0.7087496483984399,12.673156277014424,401.0460886346755,60.15691329520133,633.6578138507213
2023-01-10 19:00:00,172.19381061306945,19.257676872458948,12.111400703196749,685.7638443079697,102.86457664619546,605.5700351598374
2023-01-10 20:00:00,48.88366221876126,22.57096371598052,0.5797213306836108,493.5792596088043,74.03688894132064,28.986066534180537
2023-01-10 21:00:00,104.25727283557862,2.984343841746532,6.539838054105934,47.291020522022094,7.093653078303314,326.9919027052967
2023-01-10 22:00:00,153.41259388823414,-3.905822778070791,18.84725956013828,504.2937298926665,75.64405948389997,942.362978006914
2023-01-10 23:00:00,34.58411523597742,20.836828915048827,17.80519366089414,264.0561277590292,39.60841916385438,890.259683044707
2023-01-11 00:00:00,65.46562776272407,10.540456330991438,7.048235260776886,632.7627187262658,94.91440780893987,352.4117630388443
2023-01-11 01:00:00,37.224621436321286,27.04572332009726,7.976587932561752,263.4776887799797,39.521653316996954,398.8293966280876
2023-01-11 02:00:00,198.32359201808677,17.84766600293307,14.95719459576956,414.7684076479153,62.21526114718729,747.8597297884779
2023-01-11 03:00:00,100.61730521224558,-2.6023531114102716,7.065291690552727,795.3317825438266,119.29976738157399,353.2645845276364
2023-01-11 04:00:00,107.98865974499893,11.306033165482642,14.392774430879745,363.2102705460713,54.48154058191069,719.6387215439872
2023-01-11 05:00:00,35.095127767193894,18.08854197095471,21.178660487184437,479.87018820644477,71.98052823096671,1058.933024359222
2023-01-11 06:00:00,82.37358478576976,-4.54300185344523,10.507470570054414,714.170601614491,107.12559024217366,525.3735285027207
2023-01-11 07:00:00,151.9047138403629,17.573318744519646,10.276930013137978,598.2810306880199,89.74215460320298,513.8465006568989
2023-01-11 08:00:00,188.95328571485172,29.848250788469194,9.637466686733923,334.8915753527649,50.233736302914735,481.87333433669613
2023-01-11 09:00:00,186.27007973561712,21.908354762497062,11.443343564919479,513.5693036829161,77.03539555243742,572.1671782459739
2023-01-11 10:00:00,92.33280790426615,26.339660552347627,0.7671459124454577,703.0297756444268,105.454466346664,38.357295622272886
2023-01-11 11:00:00,87.65932992243037,14.410587015222987,21.64576349050946,77.76885921814029,11.665328882721044,1082.2881745254729
2023-01-11 12:00:00,109.30626723957167,19.828410504541722,6.235265296044851,229.18406160592113,34.37760924088817,311.76326480224253
2023-01-11 13:00:00,186.06218598644492,13.896426538481943,23.486189038187057,482.1490118507777,72.32235177761665,1174.309451909353
2023-01-11 14:00:00,107.95525149354053,-1.8739607767819155,18.057946180988377,410.6385219414051,61.59577829121076,902.8973090494188
2023-01-11 15:00:00,105.86894644749573,14.360244169906508,5.386302507644924,159.6500689146799,23.947510337201987,269.3151253822462
2023-01-11 16:00:00,69.3267573571708,19.2699177452767,23.607336410632403,344.27143185695587,51.640714778543376,1180.36682053162
2023-01-11 17:00:00,60.06971531580006,10.85305698959154,14.188898351296885,70.16052008656617,10.524078012984925,709.4449175648442
2023-01-11 18:00:00,150.09694687746807,3.661115237179308,21.454301989760292,791.1720446202125,118.67580669303187,1072.7150994880146
2023-01-11 19:00:00,88.66143909365786,20.643473232695698,19.174346725550272,634.3271808268627,95.1490771240294,958.7173362775136
2023-01-11 20:00:00,101.65514838131068,9.159835161294643,20.776438476400187,367.5967436595948,55.13951154893922,1038.8219238200095
2023-01-11 21:00:00,46.549786029908205,20.334348442138165,12.014305025399333,657.5026314675741,98.62539472013611,600.7152512699666
2023-01-11 22:00:00,147.72588153949633,17.378126761293263,22.550388013229263,282.4545675561642,42.368185133424625,1127.5194006614631
2023-01-11 23:00:00,181.18752227860963,29.216104898637475,18.35840634175737,259.3234983334333,38.89852475001499,917.9203170878685
2023-01-12 00:00:00,139.76788795032405,17.994014960166115,16.056377890142258,709.7390438894812,106.46085658342217,802.8188945071129
2023-01-12 01:00:00,24.97702631823976,6.508330513497512,15.134224892345834,377.85358137263813,56.67803720589572,756.7112446172918
2023-01-12 02:00:00,52.76369567765879,13.375187178525508,19.93823209868596,698.9720991659904,104.84581487489855,996.9116049342979
2023-01-12 03:00:00,93.85086418655303,-3.2300651146648347,3.524596495493321,347.5189944131483,52.12784916197224,176.22982477466604
2023-01-12 04:00:00,28.174250468557887,17.620756205069608,22.112404819699282,423.3813573402375,63.50720360103563,1105.620240984964
2023-01-12 05:00:00,71.4700994604937,16.18519714976621,8.761370781691848,355.9526971604986,53.392904574074784,438.06853908459243
2023-01-12 06:00:00,90.26685965207129,14.346669247009547,19.315085794351873,783.2279612887859,117.48419419331788,965.7542897175937
2023-01-12 07:00:00,183.16162147679958,4.285054188654144,5.4462860273334215,370.87897126026377,55.631845689039565,272.3143013666711
2023-01-12 08:00:00,37.57025537146933,24.581078542133508,7.263786892970306,212.84967259692831,31.927450889539244,363.1893446485153
2023-01-12 09:00:00,174.75836157793924,23.776380161286855,16.49755453625367,694.6863925772205,104.20295888658308,824.8777268126835
2023-01-12 10:00:00,188.62885179214243,28.284480920901032,19.315749756347984,510.6020893848482,76.59031340772724,965.7874878173992
2023-01-12 11:00:00,63.82689308250757,21.134152724405798,9.780821961230782,294.3543355476453,44.153150332146794,489.04109806153906
2023-01-12 12:00:00,149.69806203305424,0.35509224326586963,5.295158293957772,2.830313143144103,0.42454697147161546,264.75791469788857
2023-01-12 13:00:00,162.17511372836577,4.020564286662731,15.313206981749348,310.9500371452466,46.64250557178699,765.6603490874674
2023-01-12 14:00:00,30.969063570584815,1.9461616205330916,19.11822702904726,148.00679003426643,22.201018505139963,955.9113514523631
2023-01-12 15:00:00,149.79323393145876,27.640176047774162,21.688080996481517,403.96227015969055,60.594340523953576,1084.4040498240759
2023-01-12 16:00:00,162.75711636888903,5.077481309567698,2.516843027233509,746.2471844637523,111.93707766956284,125.84215136167545
2023-01-12 17:00:00,107.23413512071376,24.64532123344477,23.59407642368053,188.25677516627692,28.23851627494154,1179.7038211840265
2023-01-12 18:00:00,121.5645230070759,29.14832646597172,19.562358354441027,372.65716786794655,55.89857518019198,978.1179177220514
2023-01-12 19:00:00,159.13696980066427,7.68082022802378,19.06324947388716,134.71431992659876,20.207147988989814,953.162473694358
2023-01-12 20:00:00,171.46238505894883,28.985212019577823,21.694659498118103,735.820328502111,110.37304927531665,1084.7329749059052
2023-01-12 21:00:00,42.960895862104756,24.637815715213744,9.976033080101468,476.7717928841864,71.51576893262796,498.8016540050734
2023-01-12 22:00:00,199.7137683761885,0.6274584622088133,12.269868687987593,711.1488195573957,106.67232293360935,613.4934343993797
2023-01-12 23:00:00,128.04504597333124,27.684452860335092,23.614633230498182,617.495861342315,92.62437920134725,1180.731661524909
2023-01-13 00:00:00,52.153144782841906,28.940816287900383,19.939363462470634,267.88541057912454,40.18281158686868,996.9681731235318
2023-01-13 01:00:00,143.22840823214005,6.282963569255124,13.081144776252662,305.98638193239196,45.897957289858795,654.0572388126332
2023-01-13 02:00:00,58.440013964777584,4.515378467527018,23.582888039635467,107.67468417681103,16.151202626521652,1179.1444019817734
2023-01-13 03:00:00,168.93247969558297,25.710105590030086,18.892454282429597,358.52733179543475,53.77909976931521,944.6227141214798
2023-01-13 04:00:00,96.04608400668208,27.80897755696867,1.9451107005349493,275.3790872683842,41.30686309025763,97.25553502674747
2023-01-13 05:00:00,58.672080664491055,13.537253973255527,23.182123454805577,18.636354739275607,2.795453210891341,1159.106172740279
2023-01-13 06:00:00,159.06378547443143,27.167751573370175,20.469922255335938,570.7676673643074,85.6151501046461,1023.4961127667968
2023-01-13 07:00:00,34.01763675528452,5.39772081603904,7.560240962520803,195.68582327389103,29.352873491083653,378.01204812604016
2023-01-13 08:00:00,134.9529964161543,0.0007110130756249333,2.6595142081596497,543.4380622996276,81.51570934494414,132.9757104079825
2023-01-13 09:00:00,117.285233511301,21.50281344386545,9.988451556148883,409.4484116824453,61.41726175236679,499.42257780744416
2023-01-13 10:00:00,139.73854721689833,29.488904921031157,4.867356517722593,413.00044584128113,61.95006687619217,243.36782588612965
2023-01-13 11:00:00,95.33993165994579,1.4930293193198967,23.06599953274017,627.3026389087598,94.09539583631397,1153.2999766370085
2023-01-13 12:00:00,132.1784911162634,28.59023874344838,17.495961788204173,510.9613602074655,76.64420403111981,874.7980894102087
2023-01-13 13:00:00,43.084245564136594,20.618280102493525,4.862402410844208,215.1777849821828,32.276667747327416,243.1201205422104
2023-01-13 14:00:00,130.9193347972349,2.1145427677581203,21.136648265860178,188.58399286347696,28.287598929521543,1056.8324132930088
2023-01-13 15:00:00,51.71463754123855,26.44980931104867,10.006924652243967,262.44354391050894,39.366531586576336,500.3462326121984
2023-01-13 16:00:00,40.59254904482414,2.9922677163215416,17.33291134449982,11.653389737527586,1.748008460629138,866.645567224991
2023-01-13 17:00:00,24.620278403584617,5.860984963051326,21.262436637847436,791.1180384598817,118.66770576898226,1063.1218318923718
2023-01-13 18:00:00,100.34495344973713,26.635628856315723,16.63001725824716,753.9560892996044,113.09341339494065,831.500862912358
2023-01-13 19:00:00,136.974467524889,-3.8736386726415653,11.789376057528692,26.50289403231385,3.9754341048470776,589.4688028764346
2023-01-13 20:00:00,138.04110735079192,11.930633123092122,22.0126088106639,480.15746092526194,72.02361913878929,1100.630440533195
2023-01-13 21:00:00,89.04244817197106,20.124941869203017,13.51546190712175,113.64246469468853,17.04636970420328,675.7730953560875
2023-01-13 22:00:00,121.13864790731128,9.823750773882244,12.159495273915901,46.747544027093646,7.012131604064047,607.9747636957951
2023-01-13 23:00:00,118.59760965918022,18.44587314883565,18.160884811618537,278.35841511040746,41.75376226656112,908.0442405809268
2023-01-14 00:00:00,88.01061649357673,27.485756005284706,11.198064622853074,468.9792550170874,70.3468882525631,559.9032311426537
2023-01-14 01:00:00,183.78462945992806,29.7634940843516,5.62515504946694,37.257475277848414,5.588621291677262,281.257752473347
2023-01-14 02:00:00,53.30830556223917,1.595028711616746,7.374575971109643,333.3341178164176,50.000117672462636,368.7287985554821
2023-01-14 03:00:00,59.78048864249974,24.023181545613618,21.9914111193016,589.8761887598143,88.48142831397215,1099.5705559650798
2023-01-14 04:00:00,100.95415161116492,8.441318673397735,21.048966160379237,164.4534353161748,24.66801529742622,1052.4483080189618
2023-01-14 05:00:00,192.5935790476924,18.707945207360257,17.10661192304287,302.7639992385837,45.41459988578756,855.3305961521435
2023-01-14 06:00:00,106.78749792292248,22.505502302265818,19.31728869649883,95.8461955673707,14.376929335105604,965.8644348249416
2023-01-14 07:00:00,142.71126269665484,19.46028190450088,6.671590149807183,643.6996499181548,96.55494748772323,333.57950749035916
2023-01-14 08:00:00,95.29035637053455,11.479235935389369,21.4300568447592,116.38390294095471,17.457585441143205,1071.50284223796
2023-01-14 09:00:00,182.8332590676253,7.02937593852038,14.373146159258384,355.4771849265518,53.32157773898277,718.6573079629193
2023-01-14 10:00:00,184.07618483079054,-4.121207830407311,11.884596971212236,25.230869895796193,3.784630484369429,594.2298485606118
2023-01-14 11:00:00,34.5245761550957,29.193230064291726,8.612592995897112,631.6405445792798,94.74608168689197,430.6296497948556
2023-01-14 12:00:00,113.97933777446532,-3.211049477512202,7.5320513530278745,707.6929834875453,106.1539475231318,376.6025676513937
2023-01-14 13:00:00,195.88375569639422,1.730610074294047,21.359519458692912,324.79500309022677,48.71925046353402,1067.9759729346456
2023-01-14 14:00:00,76.77689753621135,28.831180519856012,17.364677220582955,320.6985443432612,48.104781651489176,868.2338610291478
2023-01-14 15:00:00,164.85634791747444,29.699776207148048,10.440551474689025,307.3550122396914,46.10325183595371,522.0275737344513
2023-01-14 16:00:00,108.69839088413676,29.650167456016128,1.5180601162659235,782.3879874938301,117.3581981240745,75.90300581329618
2023-01-14 17:00:00,79.94135752954045,5.556278221369112,8.329826704836075,242.8073268484206,36.42109902726309,416.4913352418037
2023-01-14 18:00:00,89.96831924312805,11.982653368621083,16.127303634591325,43.119312244915164,6.467896836737275,806.3651817295662
2023-01-14 19:00:00,78.10326308872166,15.14612226144423,7.741519112560794,280.26957856992,42.040436785488,387.0759556280397
2023-01-14 20:00:00,115.10935482311841,9.625729377009472,10.348669118333746,680.727257415406,102.1090886123109,517.4334559166873
2023-01-14 21:00:00,88.67185699145216,5.511539733271398,24.23002019196042,429.4771468635272,64.42157202952907,1211.501009598021
2023-01-14 22:00:00,139.10833146366198,3.786406923292459,17.33564735715921,19.362322405381693,2.904348360807254,866.7823678579605
2023-01-14 23:00:00,78.99030602570392,25.40280902755058,18.4933712795232,331.1557999860628,49.67336999790942,924.6685639761599
2023-01-15 00:00:00,138.44439009654417,13.209052372446756,5.382480704159565,634.0643263662224,95.10964895493336,269.12403520797824
2023-01-15 01:00:00,169.10199794722186,25.560101235990402,21.066844447413267,288.62457952413223,43.293686928619834,1053.3422223706634
2023-01-15 02:00:00,88.43024109889417,26.82184625097935,14.041359641797072,454.7036026569283,68.20554039853924,702.0679820898536
2023-01-15 03:00:00,172.72345410907297,28.63227145422239,7.822879589697132,711.708326293765,106.75624894406475,391.14397948485663
2023-01-15 04:00:00,83.26480661692938,8.297719467951648,9.8104423179683,733.3845313619298,110.00767970428947,490.52211589841505
2023-01-15 05:00:00,173.71201250785106,11.781052696108077,8.761983948978274,614.0218195394488,92.10327293091731,438.09919744891374
2023-01-15 06:00:00,32.955774373884275,14.020803540504396,4.460747021201758,70.51284364921351,10.576926547382026,223.0373510600879
2023-01-15 07:00:00,196.12720366315702,29.65844759765001,21.634037947854228,569.6928158814457,85.45392238221685,1081.7018973927113
2023-01-15 08:00:00,58.19816512271974,16.158254752726588,16.3044094236443,114.93264205500662,17.239896308250994,815.2204711822151
2023-01-15 09:00:00,95.58542487771216,-0.6923690042024191,0.8294056070508038,662.6236280440766,99.39354420661148,41.470280352540186
2023-01-15 10:00:00,134.6385766276565,24.85671167528223,22.654014660350356,117.674826679138,17.6512240018707,1132.700733017518
2023-01-15 11:00:00,191.3513367443598,10.626017046375194,6.946689607718589,498.5150185989571,74.77725278984356,347.33448038592945
2023-01-15 12:00:00,136.44805239762934,2.7786018045736904,23.29310861556299,712.9748854776959,106.94623282165439,1164.6554307781494
2023-01-15 13:00:00,144.4766642909109,0.0977441523630862,16.926482677040994,266.2369040916066,39.93553561374099,846.3241338520497
2023-01-15 14:00:00,175.34916632020182,-4.019692020558773,8.463049665188477,659.7418604184111,98.96127906276166,423.15248325942383
2023-01-15 15:00:00,32.767179576788664,19.059222349906072,10.098944168438118,199.22534180313446,29.883801270470165,504.9472084219059
2023-01-15 16:00:00,189.93834374051303,3.3242796820763427,15.713136573778286,5.982107061171593,0.897316059175739,785.6568286889143
2023-01-15 17:00:00,167.83933033416227,10.949751424873607,23.73866060726599,485.1458316518369,72.77187474777553,1186.9330303632996
2023-01-15 18:00:00,27.03946515361174,3.901333138658668,20.04225945308706,744.0889671945222,111.61334507917833,1002.1129726543529
2023-01-15 19:00:00,199.16121138667197,16.08242935063532,2.5358705447402654,25.222616320045965,3.783392448006895,126.79352723701327
2023-01-15 20:00:00,199.18265585511637,14.868941707769714,20.244025297541764,249.52180181395568,37.42827027209335,1012.2012648770882
2023-01-15 21:00:00,103.50240130135526,1.505412428156995,21.479372525758585,360.75729735043296,54.113594602564945,1073.9686262879293
2023-01-15 22:00:00,183.8118876618699,21.416852235160583,13.434044737266346,81.99683978524233,12.29952596778635,671.7022368633172
2023-01-15 23:00:00,134.00808559198256,25.088620216421695,0.3756542646182276,435.95366495199744,65.39304974279962,18.78271323091138
2023-01-16 00:00:00,188.46972063923374,22.09840665021728,5.676934720116564,656.7500627601299,98.51250941401949,283.8467360058282
2023-01-16 01:00:00,188.59714679631745,13.595553480118177,20.75839456194737,85.974146490791,12.89612197361865,1037.9197280973685
2023-01-16 02:00:00,86.97728862432615,17.888108688937116,6.878735325428698,714.2445373275431,107.13668059913145,343.9367662714349
2023-01-16 03:00:00,96.77479279750575,12.014535478988613,6.592971259503189,669.7551308961123,100.46326963441685,329.64856297515945
2023-01-16 04:00:00,100.56217052551139,19.701998019431077,10.065350489366242,575.0342114269623,86.25513171404434,503.2675244683121
2023-01-16 05:00:00,42.61088505902741,10.276682859379957,4.2802159712556715,336.86072666750977,50.52910900012646,214.01079856278358
2023-01-16 06:00:00,87.89925310998926,19.95617634322748,13.242992805962967,409.49454774263296,61.42418216139494,662.1496402981484
2023-01-16 07:00:00,101.39495058191022,13.367055731978258,5.708479729356947,4.511581358832828,0.6767372038249242,285.4239864678473
2023-01-16 08:00:00,192.51008564623123,18.991204141396754,16.817778955466153,628.2545603228765,94.23818404843148,840.8889477733077
2023-01-16 09:00:00,111.55275114939349,28.296759368565283,4.246631826088115,719.5372105226811,107.93058157840217,212.33159130440575
2023-01-16 10:00:00,48.027526687755945,29.257218146585828,22.93873701237753,684.9381792598922,102.74072688898383,1146.9368506188764
2023-01-16 11:00:00,96.13826878832349,6.093925008541168,20.81121783568216,176.87827520360617,26.531741280540924,1040.560891784108
2023-01-16 12:00:00,80.93612018309996,-4.18015319558069,14.112892738822225,78.24359606343458,11.736539409515187,705.6446369411112
2023-01-16 13:00:00,151.573110931142,20.86800514772583,4.000514150200152,203.1966307624045,30.479494614360675,200.02570751000758
2023-01-16 14:00:00,106.3489074673992,22.29145235129822,24.184794705120378,257.5178983220708,38.627684748310614,1209.239735256019
2023-01-16 15:00:00,144.40243433637306,2.9482069055503457,7.937485186374155,548.778977573991,82.31684663609865,396.87425931870774
2023-01-16 16:00:00,48.07653782962038,14.515039052783678,1.4103098393076496,521.8322864440522,78.27484296660784,70.51549196538248
2023-01-16 17:00:00,175.8465985722067,11.00198339803315,21.511131943727122,423.55893915187045,63.533840872780566,1075.5565971863562
2023-01-16 18:00:00,190.94448054020685,19.84786398061999,8.203232213939726,597.6540267714211,89.64810401571316,410.1616106969863
2023-01-16 19:00:00,193.66339967889417,1.062968568673023,11.13969615884463,702.6271564876816,105.39407347315225,556.9848079422316
2023-01-16 20:00:00,116.04385078850027,-1.3156663341267922,15.264195432000937,325.61017393493694,48.84152609024054,763.2097716000469
2023-01-16 21:00:00,156.8573181711663,-3.7657171563852336,2.688749950604713,657.8477415389153,98.6771612308373,134.43749753023565
2023-01-16 22:00:00,116.49973113256117,8.049564045576851,11.701978484021147,605.9436300181808,90.89154450272711,585.0989242010573
2023-01-16 23:00:00,152.2542915218415,10.127193235013864,18.70452291501003,402.06308461653657,60.30946269248048,935.2261457505016
2023-01-17 00:00:00,68.60318836285961,21.470010952259162,11.075737960446553,393.44957478796294,59.01743621819444,553.7868980223276
2023-01-17 01:00:00,159.7856035297541,8.664849434938708,21.179251053387794,600.8092100708815,90.12138151063222,1058.9625526693897
2023-01-17 02:00:00,58.00977478868165,1.2281578228440377,23.52593870898632,716.9002103823273,107.53503155734909,1176.296935449316
2023-01-17 03:00:00,55.62258539983668,25.259988814327794,9.030509963734826,233.7032959158533,35.05549438737799,451.5254981867413
2023-01-17 04:00:00,119.25082827916408,15.512878122863352,14.833747560222651,331.62894986763644,49.74434248014546,741.6873780111325
2023-01-17 05:00:00,145.6911134831327,9.868282202850537,12.898752069041283,150.70890337305593,22.606335505958388,644.9376034520642
2023-01-17 06:00:00,76.14244093298944,4.623837207529075,3.4539324845437673,423.8386262874207,63.575793943113105,172.69662422718838
2023-01-17 07:00:00,142.0048464312357,0.3382073811983588,19.446195905961755,559.5565747150481,83.93348620725722,972.3097952980877
2023-01-17 08:00:00,58.75858332078117,19.965828816792225,3.187665398365019,322.7923134182908,48.41884701274362,159.38326991825096
2023-01-17 09:00:00,80.43901029410495,28.261114300916937,10.935259234810973,467.4206565122622,70.11309847683933,546.7629617405487
2023-01-17 10:00:00,25.785177827674854,14.224697215944932,5.103552634971159,52.7861459527677,7.917921892915154,255.17763174855793
2023-01-17 11:00:00,88.31766864645063,20.625030882159944,19.91719161761415,642.8106114685139,96.42159172027708,995.8595808807075
2023-01-17 12:00:00,122.16917877128222,5.855329590542318,18.23815967627221,772.5703960666402,115.88555940999603,911.9079838136106
2023-01-17 13:00:00,20.005568587588783,13.389889098399976,22.65726459736003,622.6651845937972,93.39977768906958,1132.8632298680016
2023-01-17 14:00:00,150.80936601440314,16.892823865159812,14.081409170024727,691.4162626260814,103.71243939391222,704.0704585012363
2023-01-17 15:00:00,91.03750950547952,13.68864423085424,24.145174045515844,223.92375620116525,33.58856343017479,1207.2587022757923
2023-01-17 16:00:00,160.3437898160359,18.494838353990385,18.32497197160704,294.5869842286329,44.18804763429493,916.2485985803521
2023-01-17 17:00:00,86.1640866687914,3.4809760799156706,10.391006626225835,379.0409498027003,56.85614247040505,519.5503313112918
2023-01-17 18:00:00,127.25088289049982,13.898445637576707,13.483409104509573,311.3720681044975,46.705810215674624,674.1704552254786
2023-01-17 19:00:00,175.75580846214473,-2.540299346760638,1.9500536757941722,5.191317832986719,0.7786976749480079,97.50268378970861
2023-01-17 20:00:00,132.30266776659317,29.295502787433826,1.996657691059542,719.8168384973814,107.9725257746072,99.83288455297709
2023-01-17 21:00:00,88.79049351195405,7.9531605176916,9.067286561069512,177.21434064701197,26.582151097051796,453.3643280534756
2023-01-17 22:00:00,74.9429785123259,3.4832913614846266,19.674315812405972,616.8733685216707,92.5310052782506,983.7157906202985
2023-01-17 23:00:00,109.24143175576462,-4.744050802629077,9.872037070535978,399.58893673992924,59.938340510989384,493.6018535267989
2023-01-18 00:00:00,66.30224245882425,-0.41563020492032887,9.205720418162219,104.27034899439374,15.64055234915906,460.28602090811097
2023-01-18 01:00:00,171.02845735654782,-0.7087175532643251,14.130986337998005,47.704275634468196,7.155641345170229,706.5493168999002
2023-01-18 02:00:00,167.40098568687193,1.0580315762223247,11.514298059305514,267.20147945426953,40.08022191814043,575.7149029652757
2023-01-18 03:00:00,178.78506783394047,-2.7335610342410432,2.280883828426303,84.56012948161114,12.68401942224167,114.04419142131515
2023-01-18 04:00:00,120.27495396594408,6.637422289527159,23.39144769297778,509.8560922566752,76.47841383850128,1169.572384648889
2023-01-18 05:00:00,197.73036252722227,16.858640868595565,9.507320707535131,734.6218563789793,110.19327845684688,475.36603537675654
2023-01-18 06:00:00,105.63788824546316,28.462587817098203,11.838877053990526,543.221490360439,81.48322355406584,591.9438526995262
2023-01-18 07:00:00,129.38882373811333,17.53374324026147,11.990232888993122,19.377970198818595,2.9066955298227892,599.511644449656
2023-01-18 08:00:00,61.19085080000899,17.08929770387975,17.99081329536,95.57048818071135,14.335573227106702,899.5406647679999
2023-01-18 09:00:00,66.85062362993612,19.45915196046955,3.183286029680643,258.56442950708384,38.78466442606258,159.16430148403217
2023-01-18 10:00:00,46.15536940803426,9.070265742499455,6.343725553685517,317.5275352163304,47.62913028244956,317.18627768427586
2023-01-18 11:00:00,142.93531007909894,20.880537533199185,20.977325889399516,161.48205815608446,24.22230872341267,1048.8662944699759
2023-01-18 12:00:00,80.77564203337434,7.273425431548771,7.958834082982835,201.63216712365443,30.244825068548163,397.94170414914174
2023-01-18 13:00:00,79.84812549242645,28.565543129198716,21.2261620886455,787.2156912988777,118.08235369483165,1061.3081044322748
2023-01-18 14:00:00,47.27739158184245,3.494128036994079,15.745007806342318,67.85189419514933,10.177784129272398,787.250390317116
2023-01-18 15:00:00,186.14235844523088,28.985811323937483,17.174537874566326,491.89403328241565,73.78410499236234,858.7268937283163
2023-01-18 16:00:00,84.36123066624852,20.41807562368702,11.436325547146971,320.5761293950063,48.086419409250944,571.8162773573486
2023-01-18 17:00:00,150.92297933498145,4.4599512197270474,10.520696079163985,174.58536297057705,26.187804445586558,526.0348039581993
2023-01-18 18:00:00,41.10619111174765,28.618703854067775,19.35922047677844,21.18271351275567,3.1774070269133503,967.961023838922
2023-01-18 19:00:00,116.36534117565802,3.7594248809103696,21.395087967385564,757.2127022895884,113.58190534343825,1069.754398369278
2023-01-18 20:00:00,168.86475761971596,27.682655946484104,9.638120599557935,508.6284693338232,76.29427040007347,481.9060299778967
2023-01-18 21:00:00,54.764934779689,12.385714649955041,0.42296983463194215,679.7147695668207,101.9572154350231,21.148491731597108
2023-01-18 22:00:00,137.8142393391309,-3.8548475204264405,10.624936615493642,391.3035268841156,58.695529032617344,531.246830774682
2023-01-18 23:00:00,47.14419106004365,29.67683394785393,12.782715727580882,755.3641196459569,113.30461794689353,639.1357863790441
2023-01-19 00:00:00,164.14502252670397,12.504035604009204,13.607762323064925,248.77432116034475,37.31614817405171,680.3881161532463
2023-01-19 01:00:00,118.53142951231965,7.531742133228125,6.492904604620442,468.14049860097134,70.22107479014569,324.6452302310221
2023-01-19 02:00:00,27.247195723680576,26.508612936689655,18.224392478488184,756.5973937755012,113.48960906632519,911.2196239244092
2023-01-19 03:00:00,173.9439690352178,17.274966047496076,17.832204626615727,791.499568293987,118.72493524409803,891.6102313307864
2023-01-19 04:00:00,44.76749727933404,22.020208045522445,9.146610431450652,33.43097972504614,5.014646958756921,457.3305215725326
2023-01-19 05:00:00,47.55134907091741,29.458500200812615,22.773413125760538,449.5304028702388,67.42956043053582,1138.670656288027
2023-01-19 06:00:00,53.59388347088592,14.628611036320581,18.969313767033487,368.55299490825576,55.28294923623836,948.4656883516743
2023-01-19 07:00:00,56.22775097727888,24.54716727594914,18.870823775044563,211.55669192435954,31.73350378865393,943.5411887522282
2023-01-19 08:00:00,58.97382551099109,11.879029905473132,23.233383524515766,131.6096407925893,19.741446118888394,1161.6691762257883
2023-01-19 09:00:00,32.733595210429684,2.4708915873207173,20.3315891010442,120.36924815606787,18.05538722341018,1016.57945505221
2023-01-19 10:00:00,35.29664865398395,13.368382441240161,16.193180338580262,642.344643490175,96.35169652352626,809.6590169290131
2023-01-19 11:00:00,177.2720765984004,23.83556865504651,16.204581914804407,375.0997657958461,56.26496486937692,810.2290957402204
2023-01-19 12:00:00,115.30414258998704,19.688653350188993,11.91663042408101,170.23763791446882,25.535645687170323,595.8315212040505
2023-01-19 13:00:00,149.44544120459744,12.682242008012768,10.074491863663523,17.14831207404508,2.572246811106762,503.7245931831761
2023-01-19 14:00:00,133.3218496353977,20.661573459396298,5.540977016154816,620.6020174130988,93.09030261196482,277.0488508077408
2023-01-19 15:00:00,72.45560132231486,17.51827167509645,18.843521328405462,317.10457471748106,47.56568620762216,942.1760664202731
2023-01-19 16:00:00,168.4239451990921,23.24040441269707,17.5615252676179,66.16692974074363,9.925039461111544,878.0762633808949
2023-01-19 17:00:00,98.8971388671488,22.321895517636285,7.592906126233567,635.1422960380797,95.27134440571196,379.6453063116783
2023-01-19 18:00:00,87.94332075250246,3.8280310718504182,5.1200560445466365,321.0085860034239,48.15128790051358,256.0028022273318
2023-01-19 19:00:00,165.01336459367295,15.336251531328571,9.60220294608468,139.48628546771778,20.922942820157665,480.110147304234
2023-01-19 20:00:00,106.26710419736101,-2.6945028461633007,18.775860297305734,570.769468089778,85.61542021346669,938.7930148652866
2023-01-19 21:00:00,36.67998705922347,15.79321032028654,20.122830776748437,174.43233496830715,26.164850245246072,1006.1415388374219
2023-01-19 22:00:00,60.812065678466745,-3.3210055989583056,23.085322463276377,714.1478365139162,107.12217547708742,1154.2661231638187
2023-01-19 23:00:00,90.0367357693327,4.445647269577119,23.705165304607718,752.3433599401546,112.8515039910232,1185.2582652303859
2023-01-20 00:00:00,176.58178228216,17.97601706348504,14.018250461990563,29.901689472401216,4.485253420860182,700.9125230995281
2023-01-20 01:00:00,92.2372155428491,0.27335313604349754,5.218750424819271,287.5987658139048,43.139814872085715,260.9375212409636
2023-01-20 02:00:00,74.49099134604076,2.7967892135372123,6.433896509269607,48.368059844603636,7.255208976690545,321.69482546348036
2023-01-20 03:00:00,196.81912316233786,-4.646828250651832,4.26111622035652,380.24662884602105,57.036994326903155,213.055811017826
2023-01-20 04:00:00,163.62115366902853,-3.9065361941168515,16.900354560867047,402.9973640949419,60.44960461424128,845.0177280433523
2023-01-20 05:00:00,140.8026084189632,24.254700305654115,21.313348289215263,587.3225808758117,88.09838713137175,1065.6674144607632
2023-01-20 06:00:00,54.665148316006636,11.707610416867585,2.3376044927668342,571.982573108169,85.79738596622535,116.88022463834172
2023-01-20 07:00:00,91.3134420384227,22.206648446795455,13.045428200748024,519.2674965698486,77.89012448547729,652.2714100374012
2023-01-20 08:00:00,164.45167857780848,22.87371621322212,13.614071996921478,377.96213665788264,56.694320498682394,680.7035998460739
2023-01-20 09:00:00,48.482446692870674,13.467095722985228,12.760771736792384,518.5262351880414,77.7789352782062,638.0385868396191
2023-01-20 10:00:00,172.35665048725733,6.878110747814681,16.01812114571101,410.25735818171114,61.53860372725667,800.9060572855506
2023-01-20 11:00:00,132.97386443992218,12.376044445154292,24.38636679453925,745.689766098794,111.8534649148191,1219.3183397269624
2023-01-20 12:00:00,199.21490598827978,11.167918876280126,22.268533433697968,507.89105498614305,76.18365824792146,1113.4266716848983
2023-01-20 13:00:00,171.69223036832818,26.199680997068683,0.42482520891636566,270.29358843716585,40.544038265574876,21.241260445818284
2023-01-20 14:00:00,177.24960541426353,27.559128103629156,15.381523337637704,134.3869156510224,20.15803734765336,769.0761668818852
2023-01-20 15:00:00,188.16749993169208,17.663991490627726,4.104129311620952,371.5287463208881,55.729311948133216,205.20646558104758
2023-01-20 16:00:00,167.63322439905502,11.875475379482868,17.87779662624594,573.2160477124486,85.98240715686728,893.8898313122969
2023-01-20 17:00:00,72.43902926854395,28.27574640689025,10.182619790698318,455.3959239502297,68.30938859253445,509.1309895349159
2023-01-20 18:00:00,139.98952009584676,14.002013694895027,19.839402830852723,632.0966474209258,94.81449711313887,991.9701415426362
2023-01-20 19:00:00,117.6615535330118,24.388612089732323,2.364814926051917,208.26651617869513,31.239977426804266,118.24074630259585
2023-01-20 20:00:00,150.98238835769178,15.013268759540445,13.397731495361729,169.9704492079741,25.495567381196114,669.8865747680865
2023-01-20 21:00:00,140.3448726124174,-1.279787898908645,2.477480118062081,737.5147251820755,110.62720877731132,123.87400590310405
2023-01-20 22:00:00,156.00098353358007,-1.9011452796923525,8.92513474782706,677.8922630553834,101.6838394583075,446.25673739135306
2023-01-20 23:00:00,160.8380711124559,20.400125074448717,4.997760624974748,739.2007807319433,110.88011710979148,249.8880312487374
2023-01-21 00:00:00,45.49166879014551,23.94168286814921,9.796707854507996,182.78525034638804,27.417787551958206,489.8353927253998
2023-01-21 01:00:00,91.37502477362364,17.139811496856282,1.1002960747152484,43.63457925844916,6.545186888767374,55.01480373576242
2023-01-21 02:00:00,126.49334380222429,9.42713285829356,7.808517021562375,710.8175882288906,106.62263823433359,390.42585107811874
2023-01-21 03:00:00,50.22949287510131,0.3993353435358724,21.619738391118496,373.2235314928798,55.983529723931966,1080.9869195559247
2023-01-21 04:00:00,135.92792609641543,18.926771791969657,20.164097359933894,31.617683435661892,4.742652515349284,1008.2048679966947
2023-01-21 05:00:00,57.88800072057453,10.045659155930979,10.721019779733002,9.036332112683798,1.3554498169025697,536.05098898665
2023-01-21 06:00:00,96.67161150053175,12.841983911927333,5.109173070119855,34.64478606308532,5.196717909462798,255.45865350599274
2023-01-21 07:00:00,125.60370890868096,21.052944518813813,21.466461346351632,68.5872376208911,10.288085643133664,1073.3230673175817
2023-01-21 08:00:00,25.25133951923899,23.210395227641094,11.466567778803826,101.97322197711883,15.295983296567822,573.3283889401913
2023-01-21 09:00:00,68.5454260104626,13.446069009992847,14.513808112309498,499.43153210426095,74.91472981563913,725.6904056154749
2023-01-21 10:00:00,199.61527742543797,21.137362542094902,2.2191265216730733,614.2367733383742,92.13551600075613,110.95632608365366
2023-01-21 11:00:00,88.8251603592803,13.124336579276719,5.376759701023961,369.5049805492963,55.425747082394444,268.8379850511981
2023-01-21 12:00:00,142.1186989607619,16.124776336712227,5.257490476954999,529.775766078022,79.4663649117033,262.87452384774997
2023-01-21 13:00:00,24.072770286258756,15.21023418921192,10.054994988112728,225.2309615650523,33.78464423475784,502.7497494056364
2023-01-21 14:00:00,165.62266687174906,3.9326300772832035,19.75189433558594,490.3228131164327,73.5484219674649,987.5947167792971
2023-01-21 15:00:00,52.41799566100686,7.695331893755526,6.454850630821679,660.4587486110137,99.06881229165205,322.74253154108396
2023-01-21 16:00:00,199.75369013880467,18.593818313166924,13.190032701821993,691.410500322113,103.71157504831694,659.5016350910996
2023-01-21 17:00:00,81.91667100372615,6.265890227534285,3.569069015018414,73.32475838275832,10.998713757413748,178.4534507509207
2023-01-21 18:00:00,45.13083321364972,11.118487514897982,19.210944932704262,266.0015738026541,39.900236070398115,960.5472466352131
2023-01-21 19:00:00,114.52459823819113,29.45312392848126,5.729700211861488,93.15364217564523,13.973046326346784,286.4850105930744
2023-01-21 20:00:00,36.57191363959812,15.983176728105768,15.518455584924062,518.5647309697068,77.78470964545602,775.9227792462032
2023-01-21 21:00:00,24.790138238044577,27.074640684083064,23.459831113210498,786.699239620427,118.00488594306404,1172.991555660525
2023-01-21 22:00:00,105.96357337328745,1.1295058999284162,16.945273624372764,454.31099273117576,68.14664890967636,847.2636812186382
2023-01-21 23:00:00,121.205912499344,26.33930135643125,7.990269538288714,773.5635274740858,116.03452912111287,399.51347691443567
2023-01-22 00:00:00,106.64523701174689,21.17727614638277,8.172110113135457,424.93054200491656,63.739581300737484,408.60550565677283
2023-01-22 01:00:00,174.79095042937968,15.650385827211455,4.594249942459827,35.40607124019086,5.310910686028629,229.71249712299135
2023-01-22 02:00:00,160.81134557558363,12.017148344396993,20.191630243560752,401.09077983320327,60.163616974980485,1009.5815121780377
2023-01-22 03:00:00,191.17940769344503,24.06849544530957,14.78500078198,754.7617111656297,113.21425667484445,739.250039099
2023-01-22 04:00:00,193.72685737653362,-3.521720176449439,17.853540131687453,592.3699890322322,88.85549835483482,892.6770065843726
2023-01-22 05:00:00,181.92577073931102,15.785832465839839,12.148091905559072,238.16824899662112,35.72523734949316,607.4045952779536
2023-01-22 06:00:00,70.04133868987896,1.3865201190852625,22.885271810956066,9.705970419024634,1.4558955628536951,1144.2635905478032
2023-01-22 07:00:00,48.60818175222893,25.37675047551612,3.3087670856897455,193.32137015419147,28.998205523128718,165.43835428448727
2023-01-22 08:00:00,195.30291286888948,-2.094953645943459,14.414907522262274,82.2445215037372,12.336678225560581,720.7453761131137
2023-01-22 09:00:00,31.09752165589314,10.921098952475862,21.32384057341298,545.4825183103176,81.82237774654763,1066.192028670649
2023-01-22 10:00:00,94.03705477470119,1.2660859649700855,22.29082061259605,681.9684857698969,102.29527286548453,1114.5410306298024
2023-01-22 11:00:00,31.29598365357401,20.26674563581436,19.443537904436994,788.3896889230258,118.25845333845386,972.1768952218497
2023-01-22 12:00:00,195.4154487885239,13.927691058530364,12.490180181228105,508.8764004604867,76.331460069073,624.5090090614052
2023-01-22 13:00:00,92.86019038391689,5.988042723282321,19.917761936808265,508.4195084136896,76.26292626205344,995.8880968404133
2023-01-22 14:00:00,43.21564745211513,7.3753550625724085,9.753779362881742,776.8096641408389,116.52144962112583,487.6889681440871
2023-01-22 15:00:00,196.18503510162466,4.4712746511965324,4.2852775145327815,520.361992376959,78.05429885654385,214.26387572663907
2023-01-22 16:00:00,91.93902829692419,-2.036149860999796,4.573755813648317,448.569348827787,67.28540232416805,228.68779068241585
2023-01-22 17:00:00,85.06061396980247,7.714117647271973,9.712857143989421,145.28055420732696,21.792083131099044,485.64285719947105
2023-01-22 18:00:00,161.0179083013132,25.54737585393852,11.553713259226841,656.3281772519091,98.44922658778636,577.685662961342
2023-01-22 19:00:00,184.73126287159747,18.322893529106253,23.065310820688786,423.0040387493522,63.45060581240283,1153.2655410344394
2023-01-22 20:00:00,76.08529990159073,13.649846688382272,21.793567900528256,125.38514600192929,18.807771900289392,1089.6783950264128
2023-01-22 21:00:00,102.33212813498463,8.320090642440439,17.08422122752302,633.1640190867905,94.97460286301857,854.2110613761511
2023-01-22 22:00:00,121.50893357468169,27.982807884929443,3.3461170386084453,301.29372377993064,45.1940585669896,167.30585193042228
2023-01-22 23:00:00,88.55325650620392,8.561884635392206,23.966499185561922,429.9325808462964,64.48988712694445,1198.324959278096
2023-01-23 00:00:00,195.51506241415802,10.974588733374944,14.08682032519904,625.6716329108634,93.85074493662951,704.341016259952
2023-01-23 01:00:00,32.43513469526967,0.06701886465643714,23.544904001627344,199.28575287214255,29.89286293082138,1177.2452000813673
2023-01-23 02:00:00,112.252900169322,21.476851176413344,22.577026229102486,544.3554537974984,81.65331806962476,1128.8513114551242
2023-01-23 03:00:00,159.03510286618203,-4.581932115256298,16.142363624987528,737.8878931716179,110.68318397574268,807.1181812493764
2023-01-23 04:00:00,85.60232393749973,1.4256535354030664,19.427694267982165,699.7245839372534,104.95868759058801,971.3847133991083
2023-01-23 05:00:00,151.41244746470554,22.99420199073153,14.9368935463303,99.47419629794663,14.921129444691994,746.844677316515
2023-01-23 06:00:00,22.12773370828627,27.015231483593013,18.130286091319807,640.6975683795557,96.10463525693335,906.5143045659903
2023-01-23 07:00:00,26.377897031028247,19.17306486073543,20.135789733753576,424.0830719379919,63.61246079069878,1006.7894866876788
2023-01-23 08:00:00,72.61639625392112,2.03681950305619,4.422387958305324,144.15051082627582,21.622576623941374,221.11939791526618
2023-01-23 09:00:00,114.71539293643968,1.4507654196752853,24.764458500328423,332.71300012606906,49.90695001891036,1238.2229250164212
2023-01-23 10:00:00,50.81314766704743,10.34642655297601,19.181126426317544,107.09320269941828,16.06398040491274,959.0563213158772
2023-01-23 11:00:00,67.6875879044583,4.893779751792994,7.595235080327573,262.9177077547685,39.43765616321527,379.76175401637863
2023-01-23 12:00:00,170.71281101662336,25.750315588056377,17.417284669293227,608.5532678189845,91.28299017284768,870.8642334646614
2023-01-23 13:00:00,37.6105132936582,5.285467982596845,11.747378964035187,620.8358331749989,93.12537497624983,587.3689482017594
2023-01-23 14:00:00,94.32936254554038,23.17704610873928,10.42240463002398,751.9659120183336,112.79488680275004,521.120231501199
2023-01-23 15:00:00,100.77249891217704,14.693774421574346,17.49408543454579,33.22093603855034,4.983140405782551,874.7042717272896
2023-01-23 16:00:00,184.30198795302573,19.9794959081306,16.25906269954899,122.06898624384542,18.31034793657681,812.9531349774495
2023-01-23 17:00:00,47.178673769657856,-4.590753867333689,4.302764522817706,67.71567405800232,10.157351108700349,215.1382261408853
2023-01-23 18:00:00,154.7122557339924,23.062856963849104,22.15096444844461,521.9635342703557,78.29453014055335,1107.5482224222305
2023-01-23 19:00:00,105.3034341196279,4.659510759244956,4.209274145496078,588.690759963227,88.30361399448405,210.4637072748039
2023-01-23 20:00:00,38.77069668503267,-0.21142779668449752,18.34700315120738,607.9079438717545,91.18619158076316,917.3501575603691
2023-01-23 21:00:00,198.67748384625628,24.688433429913907,5.34373536147389,110.09913964987624,16.514870947481434,267.18676807369445
2023-01-23 22:00:00,93.13490531336649,3.0535337622108436,4.932624511194791,632.5557648657681,94.8833647298652,246.63122555973956
2023-01-23 23:00:00,57.073732353647515,9.759904092356724,10.69506198248103,305.78866014922664,45.868299022383994,534.7530991240516
2023-01-24 00:00:00,150.2196227477887,10.817172815818433,15.913728695719428,710.5588753038704,106.58383129558057,795.6864347859714
2023-01-24 01:00:00,55.66955064827738,9.782868919237789,24.59037896706219,497.505838211454,74.6258757317181,1229.5189483531094
2023-01-24 02:00:00,185.85737171710292,8.092702458746812,6.628257353797881,77.64778837072326,11.64716825560849,331.4128676898941
2023-01-24 03:00:00,117.49291654768174,13.71786080227157,15.808858012110601,683.7987003692282,102.56980505538422,790.4429006055301
2023-01-24 04:00:00,97.79275120145452,12.76500055213221,10.443043451372272,520.8717929711598,78.13076894567398,522.1521725686137
2023-01-24 05:00:00,139.48382919524713,3.94838480207666,4.8007658916137235,3.1955907007923834,0.4793386051188575,240.03829458068617
2023-01-24 06:00:00,26.19462241663936,24.002205172347672,0.6570356265040822,28.080500012693932,4.21207500190409,32.85178132520411
2023-01-24 07:00:00,21.29626459909565,6.937935582693838,24.772050988759275,182.9912831287367,27.448692469310505,1238.6025494379637
2023-01-24 08:00:00,124.98944349245293,1.930855360000205,2.9823569883066976,20.58213105835165,3.0873196587527474,149.1178494153349
2023-01-24 09:00:00,155.04095693451896,17.005349197050112,15.49785984747299,277.71795784592194,41.65769367688829,774.8929923736495
2023-01-24 10:00:00,110.62308309649617,-1.3548593825257358,3.3324724039371394,579.0611274925064,86.85916912387596,166.62362019685696
2023-01-24 11:00:00,26.571268041207393,19.019677997297965,16.999848910033,158.9473085943026,23.84209628914539,849.99244550165
2023-01-24 12:00:00,36.055273999314764,26.236270918055215,5.559346759678199,129.63312467827626,19.444968701741438,277.96733798390994
2023-01-24 13:00:00,166.57954706281163,18.626251833019236,12.970910968161458,470.30781323884634,70.54617198582694,648.5455484080729
2023-01-24 14:00:00,46.888074693653394,-2.1261141049674603,24.333680615753458,773.9412851502344,116.09119277253515,1216.684030787673
2023-01-24 15:00:00,166.65690599412557,14.74345527754706,14.655344149033597,348.316170461992,52.2474255692988,732.7672074516798
2023-01-24 16:00:00,108.17450827794892,3.2366947254550205,2.364888033338561,489.9258957750528,73.48888436625792,118.24440166692804
2023-01-24 17:00:00,79.00205293114941,20.70761370132962,9.718745723262884,66.55081396835723,9.982622095253584,485.9372861631442
2023-01-24 18:00:00,36.1164924926337,18.994780554096526,22.740534040434355,300.5069512883335,45.076042693250024,1137.0267020217177
2023-01-24 19:00:00,149.02552251550873,27.205914236741158,3.769684647269733,475.4287307813586,71.31430961720379,188.48423236348665
2023-01-24 20:00:00,92.87503373302863,10.897682614910105,16.89183476195725,53.033423883081724,7.955013582462258,844.5917380978624
2023-01-24 21:00:00,173.11352130136575,1.971506798196062,11.419178073505554,58.219807894827284,8.732971184224093,570.9589036752777
2023-01-24 22:00:00,45.478224342960615,14.3199449522114,24.17468398061137,611.5789697012603,91.73684545518906,1208.7341990305686
2023-01-24 23:00:00,42.98280625510094,17.962022150252224,0.0954727291576335,442.40142599747634,66.36021389962144,4.773636457881675
2023-01-25 00:00:00,121.26095807075666,24.69811151689006,21.075571781192348,434.69128683873333,65.20369302581,1053.7785890596174
2023-01-25 01:00:00,22.785400581994715,12.741943210348257,3.129771073187404,158.4603032312285,23.769045484684273,156.4885536593702
2023-01-25 02:00:00,144.4912131252215,21.49440774807039,17.564860101972375,93.23614859766627,13.985422289649941,878.2430050986187
2023-01-25 03:00:00,145.78721503890824,23.507210790586328,21.59111225439925,103.20110972891658,15.480166459337486,1079.5556127199625
2023-01-25 04:00:00,99.52866860219837,5.114073415192822,7.507080875003858,654.3976641493408,98.15964962240112,375.3540437501929
2023-01-25 05:00:00,54.19002227808732,14.727465099551662,10.17997875535642,319.01686426369116,47.85252963955367,508.99893776782096
2023-01-25 06:00:00,124.44208476601621,14.840208968087687,18.335413206968603,144.6809425469298,21.702141382039468,916.7706603484302
2023-01-25 07:00:00,143.9459628704172,27.82441351808569,3.364074296628536,254.34657623166527,38.15198643474979,168.2037148314268
2023-01-25 08:00:00,155.77729729762854,13.12207699618035,15.479094370483837,47.77649068135794,7.166473602203691,773.9547185241919
2023-01-25 09:00:00,65.9861569144569,21.533989343291154,5.783786136547783,238.45486407970293,35.76822961195544,289.18930682738915
2023-01-25 10:00:00,185.04481689133888,1.855105627351798,0.012309288722259226,242.92161729644377,36.438242594466566,0.6154644361129613
2023-01-25 11:00:00,167.894125577929,18.22644417894749,9.971050280635135,460.0419181895815,69.00628772843723,498.55251403175674
2023-01-25 12:00:00,79.13561236984316,9.29352621653088,10.075643152155441,408.2383889229667,61.235758338445,503.7821576077721
2023-01-25 13:00:00,20.09680484408263,7.443917225095868,6.251005988673397,413.61287877165074,62.04193181574761,312.5502994336698
2023-01-25 14:00:00,139.85583876252394,8.426030932025633,21.117038032636582,786.5585336224731,117.98378004337096,1055.8519016318292
2023-01-25 15:00:00,106.03484301491092,24.072699032971528,24.233685150129276,176.74880938459577,26.512321407689367,1211.6842575064638
2023-01-25 16:00:00,180.54180857127474,21.265662656163002,16.40669377905632,187.34942885937872,28.102414328906807,820.3346889528159
2023-01-25 17:00:00,62.41511764589733,29.430577549763925,1.4429327692445426,459.41778307305,68.9126674609575,72.14663846222713
2023-01-25 18:00:00,116.87140950356297,2.019954175876074,4.872208751766663,438.0138894457954,65.70208341686931,243.61043758833313
2023-01-25 19:00:00,64.59481745919162,14.406905924644434,6.6923900259748565,222.0647761276135,33.30971641914202,334.6195012987428
2023-01-25 20:00:00,23.18515538892821,25.968798856061017,11.76681219085822,616.5300330706211,92.47950496059316,588.340609542911
2023-01-25 21:00:00,20.848425750924076,22.122247825744857,13.922684497653654,120.87341867880514,18.13101280182077,696.1342248826827
2023-01-25 22:00:00,96.85231466471365,-3.163597952327038,2.8918106884801453,83.70384306377572,12.555576459566359,144.59053442400727
2023-01-25 23:00:00,109.30426931194714,19.182684351698175,14.539948590851989,717.6481292955739,107.64721939433608,726.9974295425994
2023-01-26 00:00:00,51.172135475369245,0.005577999458481031,21.097638929196254,578.7153427883627,86.8073014182544,1054.8819464598128
2023-01-26 01:00:00,138.74787357271612,5.243065083341282,0.5510386747898249,131.57357142133117,19.736035713199673,27.551933739491247
2023-01-26 02:00:00,190.86115963502257,18.549019253869584,24.441780277948226,686.7411727670083,103.01117591505124,1222.0890138974114
2023-01-26 03:00:00,71.97558884269857,20.382973764295574,8.260748632328898,12.370188047483044,1.8555282071224566,413.0374316164449
2023-01-26 04:00:00,68.69975447022833,0.16780903655397506,12.267422580715529,707.6230580125535,106.14345870188303,613.3711290357764
2023-01-26 05:00:00,143.49032399947993,17.500548862082628,23.644016663222345,725.8291517682203,108.87437276523305,1182.2008331611173
2023-01-26 06:00:00,69.4155809328031,7.5355028568810845,3.449211168018196,377.11478191328797,56.56721728699319,172.4605584009098
2023-01-26 07:00:00,65.6216380219115,0.6690579315257299,1.8278228191235757,229.79262852489066,34.4688942787336,91.39114095617879
2023-01-26 08:00:00,151.59668561849114,20.212272125216558,5.725551319743236,122.46411921418785,18.369617882128175,286.2775659871618
2023-01-26 09:00:00,51.85906703871132,0.8185326193313021,6.657236691435514,573.9101025555128,86.08651538332693,332.8618345717757
2023-01-26 10:00:00,22.889374081608832,1.4325332782214781,19.493738745266356,748.2003477840614,112.2300521676092,974.6869372633178
2023-01-26 11:00:00,158.43755213314736,27.85729057414582,0.35807855157292123,288.62719703138976,43.29407955470846,17.903927578646062
2023-01-26 12:00:00,32.71319562889549,1.7469896305627977,11.196649169725905,596.9422488986877,89.54133733480315,559.8324584862953
2023-01-26 13:00:00,123.41232297628352,7.098209443103801,15.617561645878878,367.1808734668927,55.0771310200339,780.8780822939439
2023-01-26 14:00:00,156.10006086603056,14.843106940045743,3.81302823415455,25.74691318742648,3.862036978113972,190.6514117077275
2023-01-26 15:00:00,86.92682786693139,19.198845065561617,6.59476447365317,475.7781187881141,71.36671781821711,329.7382236826585
2023-01-26 16:00:00,70.19023997464134,17.107112325886636,17.977648880794213,314.0230031972585,47.10345047958877,898.8824440397107
2023-01-26 17:00:00,22.154459904761538,28.754367252125725,13.120936747621556,20.580593975409833,3.087089096311475,656.0468373810778
2023-01-26 18:00:00,192.51728129411802,17.409435775756275,13.639160210744002,48.59473179215614,7.2892097688234205,681.9580105372002
2023-01-26 19:00:00,50.93923444330028,22.919392269797967,8.10321039853949,136.6653586545117,20.499803798176753,405.16051992697453
2023-01-26 20:00:00,121.9514794416161,11.713179274682968,21.05884451314083,453.1458449734496,67.97187674601743,1052.9422256570415
2023-01-26 21:00:00,89.56176667193849,22.684297147179677,19.207825589233035,214.3056183346787,32.14584275020181,960.3912794616517
2023-01-26 22:00:00,86.24370800161316,11.739673599235992,13.456290974439652,745.9845397419024,111.89768096128536,672.8145487219825
2023-01-26 23:00:00,97.05613297331163,1.0916976286303166,1.6982270852188008,516.96555400646,77.544833100969,84.91135426094004
2023-01-27 00:00:00,190.45269384029493,15.818077903717366,8.77216938066557,333.2736299488409,49.99104449232613,438.6084690332785
2023-01-27 01:00:00,31.161739343048538,15.472859369211942,14.863876236770585,61.42466570648351,9.213699855972527,743.1938118385292
2023-01-27 02:00:00,79.44950497660983,28.384143600269155,9.48865439697376,290.5585471160518,43.58378206740777,474.43271984868795
2023-01-27 03:00:00,164.15398904058725,1.192713493692784,16.341606624777135,431.25757893124836,64.68863683968725,817.0803312388567
2023-01-27 04:00:00,77.76842160671652,-4.1423239497441395,4.318404921027138,595.3060794966727,89.29591192450091,215.9202460513569
2023-01-27 05:00:00,129.1651672721078,29.19217566016929,11.438869831489168,39.781259730586704,5.967188959588006,571.9434915744583
2023-01-27 06:00:00,31.114934079989784,1.0901893673225622,21.391051513512167,649.2458398378616,97.38687597567923,1069.5525756756083
2023-01-27 07:00:00,107.98840079395603,9.12887097475925,20.176083782816264,607.4333765902537,91.11500648853806,1008.8041891408132
2023-01-27 08:00:00,54.55585653885626,20.545925431639247,5.464240118123515,142.1823342369307,21.327350135539604,273.21200590617576
2023-01-27 09:00:00,80.28249279095004,-3.876033816354489,14.712316813621564,590.8265107377515,88.62397661066272,735.6158406810782
2023-01-27 10:00:00,64.93586426821068,-3.075564679372886,0.31586951225374693,739.6708160223475,110.95062240335211,15.793475612687347
2023-01-27 11:00:00,165.3579624673649,20.761522284057765,21.863252729512972,157.24653943308934,23.5869809149634,1093.1626364756487
2023-01-27 12:00:00,59.765552894669824,6.711396683835829,12.889863218526335,582.4274642315082,87.36411963472624,644.4931609263167
2023-01-27 13:00:00,174.11249134950285,28.79996973581413,3.3985974235775402,465.60310911602363,69.84046636740354,169.92987117887702
2023-01-27 14:00:00,178.6018211803813,2.0858732736268557,20.73088779648782,760.1132063799956,114.01698095699935,1036.5443898243911
2023-01-27 15:00:00,48.542295433891205,-2.8920534921179386,3.865837216571419,604.5861494610208,90.68792241915311,193.29186082857095
2023-01-27 16:00:00,70.21523682031076,18.293395857029356,9.531623900403197,303.6296977682432,45.54445466523648,476.58119502015984
2023-01-27 17:00:00,103.13407546778632,-1.1549680363927877,11.555678169876254,539.2856428981627,80.8928464347244,577.7839084938126
2023-01-27 18:00:00,73.38351192471896,23.389157026985433,8.195185581125418,17.25466131193425,2.5881991967901374,409.75927905627094
2023-01-27 19:00:00,87.0381903666697,12.04042417019749,3.166124950117516,655.869144396138,98.3803716594207,158.3062475058758
2023-01-27 20:00:00,198.36553703513505,23.041590025463332,12.914137214939325,780.4855317498033,117.07282976247049,645.7068607469663
2023-01-27 21:00:00,198.10448184913707,3.7679440353526505,15.16307630403049,783.0736624311901,117.4610493646785,758.1538152015245
2023-01-27 22:00:00,53.12948831619473,4.621667123162188,9.301813003937214,221.028425827261,33.154263874089146,465.09065019686074
2023-01-27 23:00:00,54.24607281408471,19.777697629426868,10.163318694593004,790.9259048421986,118.63888572632979,508.1659347296502
2023-01-28 00:00:00,51.61410600094056,13.50289473291219,22.58508912471317,391.6369851221567,58.745547768323505,1129.2544562356586
2023-01-28 01:00:00,39.39629195163799,7.875587653962448,0.3558144583312661,445.64966419312475,66.8474496289687,17.790722916563308
2023-01-28 02:00:00,39.69533709202662,28.496851596495354,20.93074725360767,748.3421434605508,112.25132151908262,1046.5373626803835
2023-01-28 03:00:00,155.5549442922124,13.059220876911908,4.38089358093742,501.2491484295767,75.1873722644365,219.044679046871
2023-01-28 04:00:00,77.06195374838246,13.988677613757996,4.976942144254634,165.39813494547823,24.809720241821733,248.84710721273171
2023-01-28 05:00:00,97.81094476978414,8.144761554131252,1.081824050439442,513.7898435756783,77.06847653635175,54.09120252197211
2023-01-28 06:00:00,54.56227224371464,12.087628487757346,13.462701350983144,674.4405327300393,101.1660799095059,673.1350675491572
2023-01-28 07:00:00,137.7995363333342,24.996589238913888,5.378830541334834,237.18465135997403,35.5776977039961,268.9415270667417
2023-01-28 08:00:00,50.722190184494764,23.948296162664203,23.986402480830655,210.21782850173577,31.532674275260362,1199.3201240415328
2023-01-28 09:00:00,95.35622320238356,-0.14382777626927012,22.206403785836414,391.3446335133824,58.70169502700736,1110.3201892918207
2023-01-28 10:00:00,82.24653652477656,9.46546264329958,15.503513266338285,445.76966650624615,66.86544997593693,775.1756633169142
2023-01-28 11:00:00,45.29151816764973,6.5766615838536335,3.1457563602301786,339.91417731712994,50.98712659756949,157.28781801150893
2023-01-28 12:00:00,181.72523404193404,29.781735614674133,3.3307680571334237,573.4377527163778,86.01566290745666,166.53840285667118
2023-01-28 13:00:00,178.09049009595702,21.231788432814028,9.157266551273718,432.0063394571052,64.80095091856577,457.8633275636859
2023-01-28 14:00:00,78.37219370750323,-1.9405981704269912,1.7654019263856235,302.3780573747307,45.3567086062096,88.27009631928118
2023-01-28 15:00:00,66.60821206360238,14.311924326747395,3.275445697302401,692.1364466708527,103.8204670006279,163.77228486512004
2023-01-28 16:00:00,183.1211717050961,5.673830495090289,4.250256710996981,650.7517261490789,97.61275892236183,212.51283554984903
2023-01-28 17:00:00,131.55303306599745,24.28024387208212,6.006837181779437,52.28226591266267,7.842339886899401,300.34185908897183
2023-01-28 18:00:00,119.05328020353836,5.532039411283737,6.991698893880355,517.3030345994774,77.59545518992161,349.58494469401774
2023-01-28 19:00:00,148.41155670830267,27.362002851709335,15.7729764103615,701.0839124616986,105.16258686925478,788.648820518075
2023-01-28 20:00:00,172.14548234305346,1.3540879275092665,14.748097963424176,648.7083733946465,97.30625600919697,737.4048981712087
2023-01-28 21:00:00,103.52762335652784,6.371644953027635,17.998735833275607,485.1287647794801,72.76931471692201,899.9367916637804
2023-01-28 22:00:00,97.48869843581177,-1.6280358526947398,10.194003303004164,773.3800596370983,116.00700894556473,509.7001651502082
2023-01-28 23:00:00,157.38538090073186,2.8105102895008907,1.7551002937932825,299.1866828802333,44.878002432035,87.75501468966412
2023-01-29 00:00:00,93.82993933426225,21.821014301866395,1.249436425823991,792.4857019398622,118.87285529097933,62.47182129119955
2023-01-29 01:00:00,175.99214707575956,24.130366327567565,13.74465767950667,390.5853452752595,58.587801791288925,687.2328839753335
2023-01-29 02:00:00,129.9607417997514,19.91827235347329,22.261339632728998,21.884820256713677,3.2827230385070516,1113.0669816364498
2023-01-29 03:00:00,86.65049469043728,-2.0153549459531783,1.1511946688407688,665.2940819093861,99.79411228640792,57.55973344203844
2023-01-29 04:00:00,37.90729497508347,2.9988348171219092,11.531787164688401,449.51796787131315,67.42769518069697,576.58935823442
2023-01-29 05:00:00,193.31206125528072,-4.108972440877895,1.166347317777744,551.9766213765265,82.79649320647897,58.317365888887196
2023-01-29 06:00:00,22.300218982469698,16.934402355527823,19.747825712076164,620.9919980161859,93.14879970242788,987.3912856038082
2023-01-29 07:00:00,57.67979092422949,-1.4879514053283351,5.5815948428108495,646.9573196218688,97.04359794328032,279.07974214054246
2023-01-29 08:00:00,43.662390610827046,10.333698090068511,9.714368951264305,607.3645619148905,91.10468428723357,485.71844756321525
2023-01-29 09:00:00,33.039795021090114,22.78157393633191,0.5455373541834702,390.8391371910906,58.62587057866358,27.27686770917351
2023-01-29 10:00:00,169.25618592668664,29.265530735737194,2.850535047513436,466.28254699636614,69.94238204945492,142.5267523756718
2023-01-29 11:00:00,82.13031779726003,16.25652282336114,9.637127334583173,312.0370271562128,46.805554073431914,481.85636672915865
2023-01-29 12:00:00,67.96248840518915,19.34725291672125,18.213762683688646,515.0016004164052,77.25024006246078,910.6881341844323
2023-01-29 13:00:00,31.698465823953846,-1.3055980822542552,17.77886969091793,607.7528591200463,91.16292886800694,888.9434845458965
2023-01-29 14:00:00,24.087831107038348,12.154372563985458,16.230549485727263,99.03871105546722,14.855806658320082,811.5274742863631
2023-01-29 15:00:00,183.2706782683721,21.179630066164453,6.178421518579063,267.520542338084,40.1280813507126,308.92107592895314
2023-01-29 16:00:00,93.73210203171638,21.827668105528435,15.883527614645084,175.321887273837,26.29828309107555,794.1763807322542
2023-01-29 17:00:00,132.000968554002,13.314964571335917,8.84170300443698,57.729647320571154,8.659447098085673,442.08515022184895
2023-01-29 18:00:00,150.93003039497432,27.964851843700465,6.087912296067513,748.8020644016668,112.32030966025002,304.3956148033756
2023-01-29 19:00:00,157.62886445426383,15.87015048554343,7.827061425963283,656.1546548499949,98.42319822749924,391.35307129816414
2023-01-29 20:00:00,34.929653727734944,21.6986464457247,21.762276976740683,25.827154042238654,3.874073106335798,1088.113848837034
2023-01-29 21:00:00,25.197852129058028,25.234134625829395,22.686589553552036,298.520011463388,44.778001719508204,1134.3294776776017
2023-01-29 22:00:00,75.99916384757344,4.404575751925803,6.949417487709561,124.35401038423004,18.653101557634503,347.47087438547806
2023-01-29 23:00:00,65.92117808405715,26.62634573495355,18.125151705344173,419.7886615015735,62.96829922523602,906.2575852672087
2023-01-30 00:00:00,102.30099121261522,10.631517566202774,24.67174497742118,457.7312153501252,68.65968230251877,1233.587248871059
2023-01-30 01:00:00,90.1294513656014,25.035086172702684,21.983663148260995,55.35033674397951,8.302550511596927,1099.1831574130497
2023-01-30 02:00:00,154.40365298273937,17.662791600873653,8.10656725772985,552.3410000127906,82.85115000191858,405.3283628864925
2023-01-30 03:00:00,84.62509440421586,5.791949187930147,18.92180360651619,495.6396105953868,74.34594158930801,946.0901803258095
2023-01-30 04:00:00,194.6589734169129,1.52706449838817,11.279568096466285,210.23677995211827,31.53551699281774,563.9784048233142
2023-01-30 05:00:00,192.43687477620063,10.853682448418828,19.149334692790728,581.8746052678005,87.28119079017007,957.4667346395364
2023-01-30 06:00:00,69.4119266507281,9.660476249192211,22.30342641209636,598.0094052595567,89.7014107889335,1115.171320604818
2023-01-30 07:00:00,86.28101685537648,19.06180827153231,16.827718280831256,233.4406376748376,35.01609565122564,841.3859140415628
2023-01-30 08:00:00,78.97571260972404,15.791281001533505,7.070920695847732,184.4335221679101,27.665028325186515,353.54603479238665
2023-01-30 09:00:00,115.07380540297856,4.883977743981276,22.210984576178802,722.8478469511306,108.42717704266958,1110.5492288089401
2023-01-30 10:00:00,33.20787473252942,-1.4905429745776972,23.05277912214536,153.49201500477994,23.02380225071699,1152.638956107268
2023-01-30 11:00:00,52.70210376885022,10.143280786588349,13.443929686475562,46.3815663784537,6.957234956768055,672.1964843237781
2023-01-30 12:00:00,21.738509441276538,25.48757522663848,9.605880186802981,239.4123220504083,35.91184830756124,480.29400934014905
2023-01-30 13:00:00,26.483630277178072,24.370544634976053,9.934519784029927,619.6192038862366,92.94288058293549,496.72598920149636
2023-01-30 14:00:00,158.65194725264493,8.852020569842866,23.734416107943083,87.26775123568817,13.090162685353224,1186.7208053971542
2023-01-30 15:00:00,198.42974610760623,18.28035263638276,23.147436154344327,203.15397054344874,30.47309558151731,1157.3718077172164
2023-01-30 16:00:00,175.41291194873057,16.246907634741483,5.966297428887252,503.94020318560797,75.59103047784119,298.3148714443626
2023-01-30 17:00:00,53.79321589098156,5.321600646323011,14.752219188623153,180.91286627514248,27.136929941271372,737.6109594311577
2023-01-30 18:00:00,30.739157599177396,19.21383615520541,7.627644532258832,464.6882104856865,69.70323157285297,381.38222661294157
2023-01-30 19:00:00,124.57405816407301,7.503484985816964,9.748621712753467,31.00609646276178,4.650914469414267,487.43108563767333
2023-01-30 20:00:00,38.493121919293614,11.997939931160133,16.944194774550432,511.3986254121987,76.70979381182981,847.2097387275217
2023-01-30 21:00:00,180.94087149881446,9.697343165510993,19.336327964459855,316.0006590247606,47.400098853714084,966.8163982229928
2023-01-30 22:00:00,174.28193177701115,14.165643052323514,11.22764992329937,500.01157360613144,75.00173604091971,561.3824961649685
2023-01-30 23:00:00,157.47513315063384,16.945891422170668,4.991231595066245,376.97241658613115,56.54586248791967,249.56157975331226
2023-01-31 00:00:00,93.75322331890891,8.535481104257414,14.3852798978359,654.0804408431036,98.11206612646554,719.263994891795
